=== UPTIME OF VM ===
up 2 hours, 42 minutes
=== MEMORY INFORMATION ===
Mem:           3.3Gi       2.1Gi        97Mi        71Mi       1.2Gi       1.2Gi
=== DISK SPACE INFO ===
Filesystem      Size  Used Avail Use% Mounted on
tmpfs           681M  1.7M  679M   1% /run
/dev/sda2        30G  7.1G   21G  26% /
tmpfs           1.7G     0  1.7G   0% /dev/shm
tmpfs           5.0M  8.0K  5.0M   1% /run/lock
tmpfs           1.7G  9.5M  1.7G   1% /tmp
tmpfs           1.0M     0  1.0M   0% /run/credentials/systemd-journald.service
tmpfs           1.0M     0  1.0M   0% /run/credentials/systemd-resolved.service
tmpfs           341M   96K  341M   1% /run/user/1000
tmpfs           341M   52K  341M   1% /run/user/1004
=== UPTIME OF VM ===
up 2 hours, 43 minutes
=== MEMORY INFORMATION ===
Mem:           3.3Gi       2.2Gi       114Mi        79Mi       1.2Gi       1.1Gi
=== DISK SPACE INFO ===
Filesystem      Size  Used Avail Use% Mounted on
tmpfs           681M  1.7M  679M   1% /run
/dev/sda2        30G  7.1G   21G  26% /
tmpfs           1.7G     0  1.7G   0% /dev/shm
tmpfs           5.0M  8.0K  5.0M   1% /run/lock
tmpfs           1.7G  9.5M  1.7G   1% /tmp
tmpfs           1.0M     0  1.0M   0% /run/credentials/systemd-journald.service
tmpfs           1.0M     0  1.0M   0% /run/credentials/systemd-resolved.service
tmpfs           341M   96K  341M   1% /run/user/1000
tmpfs           341M   52K  341M   1% /run/user/1004
=== UPTIME OF VM ===
up 2 hours, 44 minutes
=== MEMORY INFORMATION ===
Mem:           3.3Gi       2.2Gi       114Mi        79Mi       1.2Gi       1.1Gi
=== DISK SPACE INFO ===
Filesystem      Size  Used Avail Use% Mounted on
tmpfs           681M  1.7M  679M   1% /run
/dev/sda2        30G  7.1G   21G  26% /
tmpfs           1.7G     0  1.7G   0% /dev/shm
tmpfs           5.0M  8.0K  5.0M   1% /run/lock
tmpfs           1.7G  9.5M  1.7G   1% /tmp
tmpfs           1.0M     0  1.0M   0% /run/credentials/systemd-journald.service
tmpfs           1.0M     0  1.0M   0% /run/credentials/systemd-resolved.service
tmpfs           341M   96K  341M   1% /run/user/1000
tmpfs           341M   52K  341M   1% /run/user/1004
=== UPTIME OF VM ===
up 2 hours, 45 minutes
=== MEMORY INFORMATION ===
Mem:           3.3Gi       2.2Gi       114Mi        79Mi       1.2Gi       1.1Gi
=== DISK SPACE INFO ===
Filesystem      Size  Used Avail Use% Mounted on
tmpfs           681M  1.7M  679M   1% /run
/dev/sda2        30G  7.1G   21G  26% /
tmpfs           1.7G     0  1.7G   0% /dev/shm
tmpfs           5.0M  8.0K  5.0M   1% /run/lock
tmpfs           1.7G  9.5M  1.7G   1% /tmp
tmpfs           1.0M     0  1.0M   0% /run/credentials/systemd-journald.service
tmpfs           1.0M     0  1.0M   0% /run/credentials/systemd-resolved.service
tmpfs           341M   96K  341M   1% /run/user/1000
tmpfs           341M   52K  341M   1% /run/user/1004
=== UPTIME OF VM ===
up 2 hours, 46 minutes
=== MEMORY INFORMATION ===
Mem:           3.3Gi       2.2Gi       114Mi        79Mi       1.2Gi       1.1Gi
=== DISK SPACE INFO ===
Filesystem      Size  Used Avail Use% Mounted on
tmpfs           681M  1.7M  679M   1% /run
/dev/sda2        30G  7.1G   21G  26% /
tmpfs           1.7G     0  1.7G   0% /dev/shm
tmpfs           5.0M  8.0K  5.0M   1% /run/lock
tmpfs           1.7G  9.5M  1.7G   1% /tmp
tmpfs           1.0M     0  1.0M   0% /run/credentials/systemd-journald.service
tmpfs           1.0M     0  1.0M   0% /run/credentials/systemd-resolved.service
tmpfs           341M   96K  341M   1% /run/user/1000
tmpfs           341M   52K  341M   1% /run/user/1004
=== UPTIME OF VM ===
up 2 hours, 47 minutes
=== MEMORY INFORMATION ===
Mem:           3.3Gi       2.2Gi       114Mi        79Mi       1.2Gi       1.1Gi
=== DISK SPACE INFO ===
Filesystem      Size  Used Avail Use% Mounted on
tmpfs           681M  1.7M  679M   1% /run
/dev/sda2        30G  7.1G   21G  26% /
tmpfs           1.7G     0  1.7G   0% /dev/shm
tmpfs           5.0M  8.0K  5.0M   1% /run/lock
tmpfs           1.7G  9.5M  1.7G   1% /tmp
tmpfs           1.0M     0  1.0M   0% /run/credentials/systemd-journald.service
tmpfs           1.0M     0  1.0M   0% /run/credentials/systemd-resolved.service
tmpfs           341M   96K  341M   1% /run/user/1000
tmpfs           341M   52K  341M   1% /run/user/1004
=== UPTIME OF VM ===
up 2 hours, 48 minutes
=== MEMORY INFORMATION ===
Mem:           3.3Gi       2.2Gi       123Mi        79Mi       1.2Gi       1.1Gi
=== DISK SPACE INFO ===
Filesystem      Size  Used Avail Use% Mounted on
tmpfs           681M  1.7M  679M   1% /run
/dev/sda2        30G  7.1G   21G  26% /
tmpfs           1.7G     0  1.7G   0% /dev/shm
tmpfs           5.0M  8.0K  5.0M   1% /run/lock
tmpfs           1.7G  9.5M  1.7G   1% /tmp
tmpfs           1.0M     0  1.0M   0% /run/credentials/systemd-journald.service
tmpfs           1.0M     0  1.0M   0% /run/credentials/systemd-resolved.service
tmpfs           341M  100K  341M   1% /run/user/1000
tmpfs           341M   52K  341M   1% /run/user/1004
=== UPTIME OF VM ===
up 2 hours, 49 minutes
=== MEMORY INFORMATION ===
Mem:           3.3Gi       2.2Gi       123Mi        79Mi       1.2Gi       1.1Gi
=== DISK SPACE INFO ===
Filesystem      Size  Used Avail Use% Mounted on
tmpfs           681M  1.7M  679M   1% /run
/dev/sda2        30G  7.1G   21G  26% /
tmpfs           1.7G     0  1.7G   0% /dev/shm
tmpfs           5.0M  8.0K  5.0M   1% /run/lock
tmpfs           1.7G  9.5M  1.7G   1% /tmp
tmpfs           1.0M     0  1.0M   0% /run/credentials/systemd-journald.service
tmpfs           1.0M     0  1.0M   0% /run/credentials/systemd-resolved.service
tmpfs           341M  100K  341M   1% /run/user/1000
tmpfs           341M   52K  341M   1% /run/user/1004
=== UPTIME OF VM ===
up 2 hours, 50 minutes
=== MEMORY INFORMATION ===
Mem:           3.3Gi       2.2Gi       122Mi        79Mi       1.2Gi       1.1Gi
=== DISK SPACE INFO ===
Filesystem      Size  Used Avail Use% Mounted on
tmpfs           681M  1.7M  679M   1% /run
/dev/sda2        30G  7.1G   21G  26% /
tmpfs           1.7G     0  1.7G   0% /dev/shm
tmpfs           5.0M  8.0K  5.0M   1% /run/lock
tmpfs           1.7G  9.5M  1.7G   1% /tmp
tmpfs           1.0M     0  1.0M   0% /run/credentials/systemd-journald.service
tmpfs           1.0M     0  1.0M   0% /run/credentials/systemd-resolved.service
tmpfs           341M  100K  341M   1% /run/user/1000
tmpfs           341M   52K  341M   1% /run/user/1004
=== UPTIME OF VM ===
up 2 hours, 51 minutes
=== MEMORY INFORMATION ===
Mem:           3.3Gi       2.2Gi       116Mi        79Mi       1.2Gi       1.1Gi
=== DISK SPACE INFO ===
Filesystem      Size  Used Avail Use% Mounted on
tmpfs           681M  1.7M  679M   1% /run
/dev/sda2        30G  7.1G   21G  26% /
tmpfs           1.7G     0  1.7G   0% /dev/shm
tmpfs           5.0M  8.0K  5.0M   1% /run/lock
tmpfs           1.7G  9.5M  1.7G   1% /tmp
tmpfs           1.0M     0  1.0M   0% /run/credentials/systemd-journald.service
tmpfs           1.0M     0  1.0M   0% /run/credentials/systemd-resolved.service
tmpfs           341M  100K  341M   1% /run/user/1000
tmpfs           341M   52K  341M   1% /run/user/1004
=== UPTIME OF VM ===
up 2 hours, 52 minutes
=== MEMORY INFORMATION ===
Mem:           3.3Gi       2.2Gi       115Mi        79Mi       1.2Gi       1.1Gi
=== DISK SPACE INFO ===
Filesystem      Size  Used Avail Use% Mounted on
tmpfs           681M  1.7M  679M   1% /run
/dev/sda2        30G  7.1G   21G  26% /
tmpfs           1.7G     0  1.7G   0% /dev/shm
tmpfs           5.0M  8.0K  5.0M   1% /run/lock
tmpfs           1.7G  9.5M  1.7G   1% /tmp
tmpfs           1.0M     0  1.0M   0% /run/credentials/systemd-journald.service
tmpfs           1.0M     0  1.0M   0% /run/credentials/systemd-resolved.service
tmpfs           341M  100K  341M   1% /run/user/1000
tmpfs           341M   52K  341M   1% /run/user/1004
=== UPTIME OF VM ===
up 2 hours, 53 minutes
=== MEMORY INFORMATION ===
Mem:           3.3Gi       2.2Gi       115Mi        79Mi       1.2Gi       1.1Gi
=== DISK SPACE INFO ===
Filesystem      Size  Used Avail Use% Mounted on
tmpfs           681M  1.7M  679M   1% /run
/dev/sda2        30G  7.1G   21G  26% /
tmpfs           1.7G     0  1.7G   0% /dev/shm
tmpfs           5.0M  8.0K  5.0M   1% /run/lock
tmpfs           1.7G  9.5M  1.7G   1% /tmp
tmpfs           1.0M     0  1.0M   0% /run/credentials/systemd-journald.service
tmpfs           1.0M     0  1.0M   0% /run/credentials/systemd-resolved.service
tmpfs           341M  100K  341M   1% /run/user/1000
tmpfs           341M   52K  341M   1% /run/user/1004
=== UPTIME OF VM ===
up 2 hours, 54 minutes
=== MEMORY INFORMATION ===
Mem:           3.3Gi       2.2Gi       115Mi        79Mi       1.2Gi       1.1Gi
=== DISK SPACE INFO ===
Filesystem      Size  Used Avail Use% Mounted on
tmpfs           681M  1.7M  679M   1% /run
/dev/sda2        30G  7.1G   21G  26% /
tmpfs           1.7G     0  1.7G   0% /dev/shm
tmpfs           5.0M  8.0K  5.0M   1% /run/lock
tmpfs           1.7G  9.5M  1.7G   1% /tmp
tmpfs           1.0M     0  1.0M   0% /run/credentials/systemd-journald.service
tmpfs           1.0M     0  1.0M   0% /run/credentials/systemd-resolved.service
tmpfs           341M  100K  341M   1% /run/user/1000
tmpfs           341M   52K  341M   1% /run/user/1004
=== UPTIME OF VM ===
up 2 hours, 55 minutes
=== MEMORY INFORMATION ===
Mem:           3.3Gi       2.2Gi       115Mi        79Mi       1.2Gi       1.1Gi
=== DISK SPACE INFO ===
Filesystem      Size  Used Avail Use% Mounted on
tmpfs           681M  1.7M  679M   1% /run
/dev/sda2        30G  7.1G   21G  26% /
tmpfs           1.7G     0  1.7G   0% /dev/shm
tmpfs           5.0M  8.0K  5.0M   1% /run/lock
tmpfs           1.7G  9.5M  1.7G   1% /tmp
tmpfs           1.0M     0  1.0M   0% /run/credentials/systemd-journald.service
tmpfs           1.0M     0  1.0M   0% /run/credentials/systemd-resolved.service
tmpfs           341M  100K  341M   1% /run/user/1000
tmpfs           341M   52K  341M   1% /run/user/1004
=== UPTIME OF VM ===
up 2 hours, 56 minutes
=== MEMORY INFORMATION ===
Mem:           3.3Gi       2.2Gi       115Mi        79Mi       1.2Gi       1.1Gi
=== DISK SPACE INFO ===
Filesystem      Size  Used Avail Use% Mounted on
tmpfs           681M  1.7M  679M   1% /run
/dev/sda2        30G  7.1G   21G  26% /
tmpfs           1.7G     0  1.7G   0% /dev/shm
tmpfs           5.0M  8.0K  5.0M   1% /run/lock
tmpfs           1.7G  9.5M  1.7G   1% /tmp
tmpfs           1.0M     0  1.0M   0% /run/credentials/systemd-journald.service
tmpfs           1.0M     0  1.0M   0% /run/credentials/systemd-resolved.service
tmpfs           341M  100K  341M   1% /run/user/1000
tmpfs           341M   52K  341M   1% /run/user/1004
=== UPTIME OF VM ===
up 2 hours, 57 minutes
=== MEMORY INFORMATION ===
Mem:           3.3Gi       2.2Gi       115Mi        79Mi       1.2Gi       1.1Gi
=== DISK SPACE INFO ===
Filesystem      Size  Used Avail Use% Mounted on
tmpfs           681M  1.7M  679M   1% /run
/dev/sda2        30G  7.1G   21G  26% /
tmpfs           1.7G     0  1.7G   0% /dev/shm
tmpfs           5.0M  8.0K  5.0M   1% /run/lock
tmpfs           1.7G  9.5M  1.7G   1% /tmp
tmpfs           1.0M     0  1.0M   0% /run/credentials/systemd-journald.service
tmpfs           1.0M     0  1.0M   0% /run/credentials/systemd-resolved.service
tmpfs           341M  100K  341M   1% /run/user/1000
tmpfs           341M   52K  341M   1% /run/user/1004
=== UPTIME OF VM ===
up 2 hours, 58 minutes
=== MEMORY INFORMATION ===
Mem:           3.3Gi       2.2Gi       115Mi        79Mi       1.2Gi       1.1Gi
=== DISK SPACE INFO ===
Filesystem      Size  Used Avail Use% Mounted on
tmpfs           681M  1.7M  679M   1% /run
/dev/sda2        30G  7.1G   21G  26% /
tmpfs           1.7G     0  1.7G   0% /dev/shm
tmpfs           5.0M  8.0K  5.0M   1% /run/lock
tmpfs           1.7G  9.5M  1.7G   1% /tmp
tmpfs           1.0M     0  1.0M   0% /run/credentials/systemd-journald.service
tmpfs           1.0M     0  1.0M   0% /run/credentials/systemd-resolved.service
tmpfs           341M  100K  341M   1% /run/user/1000
tmpfs           341M   52K  341M   1% /run/user/1004
=== UPTIME OF VM ===
up 2 hours, 59 minutes
=== MEMORY INFORMATION ===
Mem:           3.3Gi       2.2Gi       115Mi        79Mi       1.2Gi       1.1Gi
=== DISK SPACE INFO ===
Filesystem      Size  Used Avail Use% Mounted on
tmpfs           681M  1.7M  679M   1% /run
/dev/sda2        30G  7.1G   21G  26% /
tmpfs           1.7G     0  1.7G   0% /dev/shm
tmpfs           5.0M  8.0K  5.0M   1% /run/lock
tmpfs           1.7G  9.5M  1.7G   1% /tmp
tmpfs           1.0M     0  1.0M   0% /run/credentials/systemd-journald.service
tmpfs           1.0M     0  1.0M   0% /run/credentials/systemd-resolved.service
tmpfs           341M  100K  341M   1% /run/user/1000
tmpfs           341M   52K  341M   1% /run/user/1004
=== UPTIME OF VM ===
up 3 hours, 0 minutes
=== MEMORY INFORMATION ===
Mem:           3.3Gi       2.2Gi        98Mi        79Mi       1.2Gi       1.1Gi
=== DISK SPACE INFO ===
Filesystem      Size  Used Avail Use% Mounted on
tmpfs           681M  1.7M  679M   1% /run
/dev/sda2        30G  7.1G   21G  26% /
tmpfs           1.7G     0  1.7G   0% /dev/shm
tmpfs           5.0M  8.0K  5.0M   1% /run/lock
tmpfs           1.7G  9.5M  1.7G   1% /tmp
tmpfs           1.0M     0  1.0M   0% /run/credentials/systemd-journald.service
tmpfs           1.0M     0  1.0M   0% /run/credentials/systemd-resolved.service
tmpfs           341M  100K  341M   1% /run/user/1000
tmpfs           341M   52K  341M   1% /run/user/1004
=== UPTIME OF VM ===
up 3 hours, 1 minute
=== MEMORY INFORMATION ===
Mem:           3.3Gi       2.3Gi       105Mi        80Mi       1.2Gi       1.0Gi
=== DISK SPACE INFO ===
Filesystem      Size  Used Avail Use% Mounted on
tmpfs           681M  1.7M  679M   1% /run
/dev/sda2        30G  7.1G   21G  26% /
tmpfs           1.7G     0  1.7G   0% /dev/shm
tmpfs           5.0M  8.0K  5.0M   1% /run/lock
tmpfs           1.7G  9.5M  1.7G   1% /tmp
tmpfs           1.0M     0  1.0M   0% /run/credentials/systemd-journald.service
tmpfs           1.0M     0  1.0M   0% /run/credentials/systemd-resolved.service
tmpfs           341M  100K  341M   1% /run/user/1000
tmpfs           341M   52K  341M   1% /run/user/1004
=== UPTIME OF VM ===
up 3 hours, 2 minutes
=== MEMORY INFORMATION ===
Mem:           3.3Gi       2.2Gi       208Mi        72Mi       1.1Gi       1.1Gi
=== DISK SPACE INFO ===
Filesystem      Size  Used Avail Use% Mounted on
tmpfs           681M  1.7M  679M   1% /run
/dev/sda2        30G  7.1G   21G  26% /
tmpfs           1.7G     0  1.7G   0% /dev/shm
tmpfs           5.0M  8.0K  5.0M   1% /run/lock
tmpfs           1.7G  9.5M  1.7G   1% /tmp
tmpfs           1.0M     0  1.0M   0% /run/credentials/systemd-journald.service
tmpfs           1.0M     0  1.0M   0% /run/credentials/systemd-resolved.service
tmpfs           341M  100K  341M   1% /run/user/1000
tmpfs           341M   52K  341M   1% /run/user/1004
=== UPTIME OF VM ===
up 3 hours, 3 minutes
=== MEMORY INFORMATION ===
Mem:           3.3Gi       2.2Gi       201Mi        72Mi       1.1Gi       1.1Gi
=== DISK SPACE INFO ===
Filesystem      Size  Used Avail Use% Mounted on
tmpfs           681M  1.7M  679M   1% /run
/dev/sda2        30G  7.1G   21G  26% /
tmpfs           1.7G     0  1.7G   0% /dev/shm
tmpfs           5.0M  8.0K  5.0M   1% /run/lock
tmpfs           1.7G  9.5M  1.7G   1% /tmp
tmpfs           1.0M     0  1.0M   0% /run/credentials/systemd-journald.service
tmpfs           1.0M     0  1.0M   0% /run/credentials/systemd-resolved.service
tmpfs           341M  100K  341M   1% /run/user/1000
tmpfs           341M   52K  341M   1% /run/user/1004
=== UPTIME OF VM ===
up 3 hours, 4 minutes
=== MEMORY INFORMATION ===
Mem:           3.3Gi       2.2Gi       201Mi        72Mi       1.1Gi       1.1Gi
=== DISK SPACE INFO ===
Filesystem      Size  Used Avail Use% Mounted on
tmpfs           681M  1.7M  679M   1% /run
/dev/sda2        30G  7.1G   21G  26% /
tmpfs           1.7G     0  1.7G   0% /dev/shm
tmpfs           5.0M  8.0K  5.0M   1% /run/lock
tmpfs           1.7G  9.5M  1.7G   1% /tmp
tmpfs           1.0M     0  1.0M   0% /run/credentials/systemd-journald.service
tmpfs           1.0M     0  1.0M   0% /run/credentials/systemd-resolved.service
tmpfs           341M  100K  341M   1% /run/user/1000
tmpfs           341M   52K  341M   1% /run/user/1004
=== UPTIME OF VM ===
up 3 hours, 5 minutes
=== MEMORY INFORMATION ===
Mem:           3.3Gi       2.3Gi       143Mi        79Mi       1.1Gi       1.1Gi
=== DISK SPACE INFO ===
Filesystem      Size  Used Avail Use% Mounted on
tmpfs           681M  1.7M  679M   1% /run
/dev/sda2        30G  7.1G   21G  26% /
tmpfs           1.7G     0  1.7G   0% /dev/shm
tmpfs           5.0M  8.0K  5.0M   1% /run/lock
tmpfs           1.7G  9.5M  1.7G   1% /tmp
tmpfs           1.0M     0  1.0M   0% /run/credentials/systemd-journald.service
tmpfs           1.0M     0  1.0M   0% /run/credentials/systemd-resolved.service
tmpfs           341M  100K  341M   1% /run/user/1000
tmpfs           341M   52K  341M   1% /run/user/1004
=== UPTIME OF VM ===
up 3 hours, 6 minutes
=== MEMORY INFORMATION ===
Mem:           3.3Gi       2.2Gi       203Mi        72Mi       1.1Gi       1.1Gi
=== DISK SPACE INFO ===
Filesystem      Size  Used Avail Use% Mounted on
tmpfs           681M  1.7M  679M   1% /run
/dev/sda2        30G  7.1G   21G  26% /
tmpfs           1.7G     0  1.7G   0% /dev/shm
tmpfs           5.0M  8.0K  5.0M   1% /run/lock
tmpfs           1.7G  9.5M  1.7G   1% /tmp
tmpfs           1.0M     0  1.0M   0% /run/credentials/systemd-journald.service
tmpfs           1.0M     0  1.0M   0% /run/credentials/systemd-resolved.service
tmpfs           341M  100K  341M   1% /run/user/1000
tmpfs           341M   52K  341M   1% /run/user/1004
=== UPTIME OF VM ===
up 3 hours, 7 minutes
=== MEMORY INFORMATION ===
Mem:           3.3Gi       2.2Gi       203Mi        72Mi       1.1Gi       1.1Gi
=== DISK SPACE INFO ===
Filesystem      Size  Used Avail Use% Mounted on
tmpfs           681M  1.7M  679M   1% /run
/dev/sda2        30G  7.1G   21G  26% /
tmpfs           1.7G     0  1.7G   0% /dev/shm
tmpfs           5.0M  8.0K  5.0M   1% /run/lock
tmpfs           1.7G  9.5M  1.7G   1% /tmp
tmpfs           1.0M     0  1.0M   0% /run/credentials/systemd-journald.service
tmpfs           1.0M     0  1.0M   0% /run/credentials/systemd-resolved.service
tmpfs           341M  100K  341M   1% /run/user/1000
tmpfs           341M   52K  341M   1% /run/user/1004
=== UPTIME OF VM ===
up 3 hours, 8 minutes
=== MEMORY INFORMATION ===
Mem:           3.3Gi       2.2Gi       203Mi        72Mi       1.1Gi       1.1Gi
=== DISK SPACE INFO ===
Filesystem      Size  Used Avail Use% Mounted on
tmpfs           681M  1.7M  679M   1% /run
/dev/sda2        30G  7.1G   21G  26% /
tmpfs           1.7G     0  1.7G   0% /dev/shm
tmpfs           5.0M  8.0K  5.0M   1% /run/lock
tmpfs           1.7G  9.5M  1.7G   1% /tmp
tmpfs           1.0M     0  1.0M   0% /run/credentials/systemd-journald.service
tmpfs           1.0M     0  1.0M   0% /run/credentials/systemd-resolved.service
tmpfs           341M  100K  341M   1% /run/user/1000
tmpfs           341M   52K  341M   1% /run/user/1004

=== UPTIME OF VM ===
up 3 hours, 9 minutes
=== MEMORY INFORMATION ===
Mem:           3.3Gi       2.2Gi       213Mi        72Mi       1.1Gi       1.1Gi
=== DISK SPACE INFO ===
Filesystem      Size  Used Avail Use% Mounted on
tmpfs           681M  1.7M  679M   1% /run
/dev/sda2        30G  7.1G   21G  26% /
tmpfs           1.7G     0  1.7G   0% /dev/shm
tmpfs           5.0M  8.0K  5.0M   1% /run/lock
tmpfs           1.7G  9.5M  1.7G   1% /tmp
tmpfs           1.0M     0  1.0M   0% /run/credentials/systemd-journald.service
tmpfs           1.0M     0  1.0M   0% /run/credentials/systemd-resolved.service
tmpfs           341M  100K  341M   1% /run/user/1000

=== UPTIME OF VM ===
up 3 hours, 10 minutes
=== MEMORY INFORMATION ===
Mem:           3.3Gi       2.2Gi       211Mi        74Mi       1.1Gi       1.1Gi
=== DISK SPACE INFO ===
Filesystem      Size  Used Avail Use% Mounted on
tmpfs           681M  1.7M  679M   1% /run
/dev/sda2        30G  7.1G   21G  26% /
tmpfs           1.7G     0  1.7G   0% /dev/shm
tmpfs           5.0M  8.0K  5.0M   1% /run/lock
tmpfs           1.7G  9.5M  1.7G   1% /tmp
tmpfs           1.0M     0  1.0M   0% /run/credentials/systemd-journald.service
tmpfs           1.0M     0  1.0M   0% /run/credentials/systemd-resolved.service
tmpfs           341M  108K  341M   1% /run/user/1000

=== UPTIME OF VM ===
up 3 hours, 11 minutes
=== MEMORY INFORMATION ===
Mem:           3.3Gi       2.1Gi       294Mi        73Mi       1.1Gi       1.2Gi
=== DISK SPACE INFO ===
Filesystem      Size  Used Avail Use% Mounted on
tmpfs           681M  1.7M  679M   1% /run
/dev/sda2        30G  7.1G   21G  26% /
tmpfs           1.7G     0  1.7G   0% /dev/shm
tmpfs           5.0M  8.0K  5.0M   1% /run/lock
tmpfs           1.7G  9.5M  1.7G   1% /tmp
tmpfs           1.0M     0  1.0M   0% /run/credentials/systemd-journald.service
tmpfs           1.0M     0  1.0M   0% /run/credentials/systemd-resolved.service
tmpfs           341M  104K  341M   1% /run/user/1000

=== UPTIME OF VM ===
up 3 hours, 12 minutes
=== MEMORY INFORMATION ===
Mem:           3.3Gi       2.1Gi       294Mi        73Mi       1.1Gi       1.2Gi
=== DISK SPACE INFO ===
Filesystem      Size  Used Avail Use% Mounted on
tmpfs           681M  1.7M  679M   1% /run
/dev/sda2        30G  7.1G   21G  26% /
tmpfs           1.7G     0  1.7G   0% /dev/shm
tmpfs           5.0M  8.0K  5.0M   1% /run/lock
tmpfs           1.7G  9.5M  1.7G   1% /tmp
tmpfs           1.0M     0  1.0M   0% /run/credentials/systemd-journald.service
tmpfs           1.0M     0  1.0M   0% /run/credentials/systemd-resolved.service
tmpfs           341M  104K  341M   1% /run/user/1000

=== UPTIME OF VM ===
up 3 hours, 13 minutes
=== MEMORY INFORMATION ===
Mem:           3.3Gi       2.1Gi       282Mi        73Mi       1.1Gi       1.2Gi
=== DISK SPACE INFO ===
Filesystem      Size  Used Avail Use% Mounted on
tmpfs           681M  1.7M  679M   1% /run
/dev/sda2        30G  7.1G   21G  26% /
tmpfs           1.7G     0  1.7G   0% /dev/shm
tmpfs           5.0M  8.0K  5.0M   1% /run/lock
tmpfs           1.7G  9.5M  1.7G   1% /tmp
tmpfs           1.0M     0  1.0M   0% /run/credentials/systemd-journald.service
tmpfs           1.0M     0  1.0M   0% /run/credentials/systemd-resolved.service
tmpfs           341M  104K  341M   1% /run/user/1000

=== UPTIME OF VM ===
up 3 hours, 14 minutes
=== MEMORY INFORMATION ===
Mem:           3.3Gi       2.2Gi       112Mi        73Mi       1.2Gi       1.1Gi
=== DISK SPACE INFO ===
Filesystem      Size  Used Avail Use% Mounted on
tmpfs           681M  1.7M  679M   1% /run
/dev/sda2        30G  7.0G   21G  25% /
tmpfs           1.7G     0  1.7G   0% /dev/shm
tmpfs           5.0M  8.0K  5.0M   1% /run/lock
tmpfs           1.7G  9.5M  1.7G   1% /tmp
tmpfs           1.0M     0  1.0M   0% /run/credentials/systemd-journald.service
tmpfs           1.0M     0  1.0M   0% /run/credentials/systemd-resolved.service
tmpfs           341M  104K  341M   1% /run/user/1000

=== UPTIME OF VM ===
up 0 minutes
=== MEMORY INFORMATION ===
Mem:           3.3Gi       1.1Gi       1.3Gi        23Mi       1.2Gi       2.2Gi
=== DISK SPACE INFO ===
Filesystem      Size  Used Avail Use% Mounted on
tmpfs           681M   15M  667M   3% /run
/dev/sda2        30G  6.8G   22G  25% /
tmpfs           1.7G     0  1.7G   0% /dev/shm
tmpfs           5.0M  8.0K  5.0M   1% /run/lock
tmpfs           1.0M     0  1.0M   0% /run/credentials/systemd-journald.service
tmpfs           1.7G   16K  1.7G   1% /tmp
tmpfs           1.0M     0  1.0M   0% /run/credentials/systemd-resolved.service
tmpfs           341M   60K  341M   1% /run/user/60578
tmpfs           341M   72K  341M   1% /run/user/1000

=== UPTIME OF VM ===
up 1 minute
=== MEMORY INFORMATION ===
Mem:           3.3Gi       1.1Gi       1.0Gi        23Mi       1.4Gi       2.2Gi
=== DISK SPACE INFO ===
Filesystem      Size  Used Avail Use% Mounted on
tmpfs           681M  1.5M  679M   1% /run
/dev/sda2        30G  6.8G   22G  25% /
tmpfs           1.7G     0  1.7G   0% /dev/shm
tmpfs           5.0M  8.0K  5.0M   1% /run/lock
tmpfs           1.0M     0  1.0M   0% /run/credentials/systemd-journald.service
tmpfs           1.7G  8.0K  1.7G   1% /tmp
tmpfs           1.0M     0  1.0M   0% /run/credentials/systemd-resolved.service
tmpfs           341M   80K  341M   1% /run/user/1000

=== UPTIME OF VM ===
up 2 minutes
=== MEMORY INFORMATION ===
Mem:           3.3Gi       1.1Gi       1.0Gi        23Mi       1.4Gi       2.2Gi
=== DISK SPACE INFO ===
Filesystem      Size  Used Avail Use% Mounted on
tmpfs           681M  1.5M  679M   1% /run
/dev/sda2        30G  6.8G   22G  25% /
tmpfs           1.7G     0  1.7G   0% /dev/shm
tmpfs           5.0M  8.0K  5.0M   1% /run/lock
tmpfs           1.0M     0  1.0M   0% /run/credentials/systemd-journald.service
tmpfs           1.7G  8.0K  1.7G   1% /tmp
tmpfs           1.0M     0  1.0M   0% /run/credentials/systemd-resolved.service
tmpfs           341M   80K  341M   1% /run/user/1000

=== UPTIME OF VM ===
up 3 minutes
=== MEMORY INFORMATION ===
Mem:           3.3Gi       1.1Gi       1.0Gi        23Mi       1.4Gi       2.2Gi
=== DISK SPACE INFO ===
Filesystem      Size  Used Avail Use% Mounted on
tmpfs           681M  1.5M  679M   1% /run
/dev/sda2        30G  6.8G   22G  25% /
tmpfs           1.7G     0  1.7G   0% /dev/shm
tmpfs           5.0M  8.0K  5.0M   1% /run/lock
tmpfs           1.0M     0  1.0M   0% /run/credentials/systemd-journald.service
tmpfs           1.7G  8.0K  1.7G   1% /tmp
tmpfs           1.0M     0  1.0M   0% /run/credentials/systemd-resolved.service
tmpfs           341M   80K  341M   1% /run/user/1000

=== UPTIME OF VM ===
up 4 minutes
=== MEMORY INFORMATION ===
Mem:           3.3Gi       1.1Gi       1.0Gi        23Mi       1.4Gi       2.2Gi
=== DISK SPACE INFO ===
Filesystem      Size  Used Avail Use% Mounted on
tmpfs           681M  1.5M  679M   1% /run
/dev/sda2        30G  6.8G   22G  25% /
tmpfs           1.7G     0  1.7G   0% /dev/shm
tmpfs           5.0M  8.0K  5.0M   1% /run/lock
tmpfs           1.0M     0  1.0M   0% /run/credentials/systemd-journald.service
tmpfs           1.7G  8.0K  1.7G   1% /tmp
tmpfs           1.0M     0  1.0M   0% /run/credentials/systemd-resolved.service
tmpfs           341M   80K  341M   1% /run/user/1000

=== UPTIME OF VM ===
up 5 minutes
=== MEMORY INFORMATION ===
Mem:           3.3Gi       1.1Gi       745Mi        23Mi       1.7Gi       2.2Gi
=== DISK SPACE INFO ===
Filesystem      Size  Used Avail Use% Mounted on
tmpfs           681M  1.6M  679M   1% /run
/dev/sda2        30G  6.8G   22G  25% /
tmpfs           1.7G     0  1.7G   0% /dev/shm
tmpfs           5.0M  8.0K  5.0M   1% /run/lock
tmpfs           1.0M     0  1.0M   0% /run/credentials/systemd-journald.service
tmpfs           1.7G  8.0K  1.7G   1% /tmp
tmpfs           1.0M     0  1.0M   0% /run/credentials/systemd-resolved.service
tmpfs           341M   80K  341M   1% /run/user/1000

=== UPTIME OF VM ===
up 6 minutes
=== MEMORY INFORMATION ===
Mem:           3.3Gi       1.1Gi       745Mi        23Mi       1.7Gi       2.2Gi
=== DISK SPACE INFO ===
Filesystem      Size  Used Avail Use% Mounted on
tmpfs           681M  1.6M  679M   1% /run
/dev/sda2        30G  6.8G   22G  25% /
tmpfs           1.7G     0  1.7G   0% /dev/shm
tmpfs           5.0M  8.0K  5.0M   1% /run/lock
tmpfs           1.0M     0  1.0M   0% /run/credentials/systemd-journald.service
tmpfs           1.7G  8.0K  1.7G   1% /tmp
tmpfs           1.0M     0  1.0M   0% /run/credentials/systemd-resolved.service
tmpfs           341M   80K  341M   1% /run/user/1000

=== UPTIME OF VM ===
up 7 minutes
=== MEMORY INFORMATION ===
Mem:           3.3Gi       1.1Gi       745Mi        23Mi       1.7Gi       2.2Gi
=== DISK SPACE INFO ===
Filesystem      Size  Used Avail Use% Mounted on
tmpfs           681M  1.6M  679M   1% /run
/dev/sda2        30G  6.8G   22G  25% /
tmpfs           1.7G     0  1.7G   0% /dev/shm
tmpfs           5.0M  8.0K  5.0M   1% /run/lock
tmpfs           1.0M     0  1.0M   0% /run/credentials/systemd-journald.service
tmpfs           1.7G  8.0K  1.7G   1% /tmp
tmpfs           1.0M     0  1.0M   0% /run/credentials/systemd-resolved.service
tmpfs           341M   80K  341M   1% /run/user/1000

=== UPTIME OF VM ===
up 8 minutes
=== MEMORY INFORMATION ===
Mem:           3.3Gi       1.1Gi       745Mi        23Mi       1.7Gi       2.2Gi
=== DISK SPACE INFO ===
Filesystem      Size  Used Avail Use% Mounted on
tmpfs           681M  1.6M  679M   1% /run
/dev/sda2        30G  6.8G   22G  25% /
tmpfs           1.7G     0  1.7G   0% /dev/shm
tmpfs           5.0M  8.0K  5.0M   1% /run/lock
tmpfs           1.0M     0  1.0M   0% /run/credentials/systemd-journald.service
tmpfs           1.7G  8.0K  1.7G   1% /tmp
tmpfs           1.0M     0  1.0M   0% /run/credentials/systemd-resolved.service
tmpfs           341M   80K  341M   1% /run/user/1000

=== UPTIME OF VM ===
up 9 minutes
=== MEMORY INFORMATION ===
Mem:           3.3Gi       1.1Gi       745Mi        23Mi       1.7Gi       2.2Gi
=== DISK SPACE INFO ===
Filesystem      Size  Used Avail Use% Mounted on
tmpfs           681M  1.6M  679M   1% /run
/dev/sda2        30G  6.8G   22G  25% /
tmpfs           1.7G     0  1.7G   0% /dev/shm
tmpfs           5.0M  8.0K  5.0M   1% /run/lock
tmpfs           1.0M     0  1.0M   0% /run/credentials/systemd-journald.service
tmpfs           1.7G  8.0K  1.7G   1% /tmp
tmpfs           1.0M     0  1.0M   0% /run/credentials/systemd-resolved.service
tmpfs           341M   80K  341M   1% /run/user/1000

=== UPTIME OF VM ===
up 10 minutes
=== MEMORY INFORMATION ===
Mem:           3.3Gi       1.2Gi       722Mi        23Mi       1.7Gi       2.2Gi
=== DISK SPACE INFO ===
Filesystem      Size  Used Avail Use% Mounted on
tmpfs           681M  1.6M  679M   1% /run
/dev/sda2        30G  6.8G   22G  25% /
tmpfs           1.7G     0  1.7G   0% /dev/shm
tmpfs           5.0M  8.0K  5.0M   1% /run/lock
tmpfs           1.0M     0  1.0M   0% /run/credentials/systemd-journald.service
tmpfs           1.7G  8.0K  1.7G   1% /tmp
tmpfs           1.0M     0  1.0M   0% /run/credentials/systemd-resolved.service
tmpfs           341M   88K  341M   1% /run/user/1000

=== UPTIME OF VM ===
up 11 minutes
=== MEMORY INFORMATION ===
Mem:           3.3Gi       1.2Gi       722Mi        23Mi       1.7Gi       2.2Gi
=== DISK SPACE INFO ===
Filesystem      Size  Used Avail Use% Mounted on
tmpfs           681M  1.6M  679M   1% /run
/dev/sda2        30G  6.8G   22G  25% /
tmpfs           1.7G     0  1.7G   0% /dev/shm
tmpfs           5.0M  8.0K  5.0M   1% /run/lock
tmpfs           1.0M     0  1.0M   0% /run/credentials/systemd-journald.service
tmpfs           1.7G  8.0K  1.7G   1% /tmp
tmpfs           1.0M     0  1.0M   0% /run/credentials/systemd-resolved.service
tmpfs           341M   88K  341M   1% /run/user/1000

=== UPTIME OF VM ===
up 12 minutes
=== MEMORY INFORMATION ===
Mem:           3.3Gi       1.2Gi       722Mi        23Mi       1.7Gi       2.2Gi
=== DISK SPACE INFO ===
Filesystem      Size  Used Avail Use% Mounted on
tmpfs           681M  1.6M  679M   1% /run
/dev/sda2        30G  6.8G   22G  25% /
tmpfs           1.7G     0  1.7G   0% /dev/shm
tmpfs           5.0M  8.0K  5.0M   1% /run/lock
tmpfs           1.0M     0  1.0M   0% /run/credentials/systemd-journald.service
tmpfs           1.7G  8.0K  1.7G   1% /tmp
tmpfs           1.0M     0  1.0M   0% /run/credentials/systemd-resolved.service
tmpfs           341M   88K  341M   1% /run/user/1000

=== UPTIME OF VM ===
up 19 minutes
=== MEMORY INFORMATION ===
Mem:           3.3Gi       1.2Gi       705Mi        23Mi       1.7Gi       2.1Gi
=== DISK SPACE INFO ===
Filesystem      Size  Used Avail Use% Mounted on
tmpfs           681M  1.6M  679M   1% /run
/dev/sda2        30G  6.8G   22G  25% /
tmpfs           1.7G     0  1.7G   0% /dev/shm
tmpfs           5.0M  8.0K  5.0M   1% /run/lock
tmpfs           1.0M     0  1.0M   0% /run/credentials/systemd-journald.service
tmpfs           1.7G  8.0K  1.7G   1% /tmp
tmpfs           1.0M     0  1.0M   0% /run/credentials/systemd-resolved.service
tmpfs           341M   92K  341M   1% /run/user/1000

=== UPTIME OF VM ===
up 20 minutes
=== MEMORY INFORMATION ===
Mem:           3.3Gi       1.2Gi       705Mi        23Mi       1.7Gi       2.1Gi
=== DISK SPACE INFO ===
Filesystem      Size  Used Avail Use% Mounted on
tmpfs           681M  1.6M  679M   1% /run
/dev/sda2        30G  6.8G   22G  25% /
tmpfs           1.7G     0  1.7G   0% /dev/shm
tmpfs           5.0M  8.0K  5.0M   1% /run/lock
tmpfs           1.0M     0  1.0M   0% /run/credentials/systemd-journald.service
tmpfs           1.7G  8.0K  1.7G   1% /tmp
tmpfs           1.0M     0  1.0M   0% /run/credentials/systemd-resolved.service
tmpfs           341M   88K  341M   1% /run/user/1000

=== UPTIME OF VM ===
up 21 minutes
=== MEMORY INFORMATION ===
Mem:           3.3Gi       1.2Gi       705Mi        23Mi       1.7Gi       2.1Gi
=== DISK SPACE INFO ===
Filesystem      Size  Used Avail Use% Mounted on
tmpfs           681M  1.6M  679M   1% /run
/dev/sda2        30G  6.8G   22G  25% /
tmpfs           1.7G     0  1.7G   0% /dev/shm
tmpfs           5.0M  8.0K  5.0M   1% /run/lock
tmpfs           1.0M     0  1.0M   0% /run/credentials/systemd-journald.service
tmpfs           1.7G  8.0K  1.7G   1% /tmp
tmpfs           1.0M     0  1.0M   0% /run/credentials/systemd-resolved.service
tmpfs           341M   88K  341M   1% /run/user/1000

=== UPTIME OF VM ===
up 22 minutes
=== MEMORY INFORMATION ===
Mem:           3.3Gi       1.2Gi       705Mi        23Mi       1.7Gi       2.1Gi
=== DISK SPACE INFO ===
Filesystem      Size  Used Avail Use% Mounted on
tmpfs           681M  1.6M  679M   1% /run
/dev/sda2        30G  6.8G   22G  25% /
tmpfs           1.7G     0  1.7G   0% /dev/shm
tmpfs           5.0M  8.0K  5.0M   1% /run/lock
tmpfs           1.0M     0  1.0M   0% /run/credentials/systemd-journald.service
tmpfs           1.7G  8.0K  1.7G   1% /tmp
tmpfs           1.0M     0  1.0M   0% /run/credentials/systemd-resolved.service
tmpfs           341M   88K  341M   1% /run/user/1000

=== UPTIME OF VM ===
up 23 minutes
=== MEMORY INFORMATION ===
Mem:           3.3Gi       1.2Gi       705Mi        24Mi       1.7Gi       2.1Gi
=== DISK SPACE INFO ===
Filesystem      Size  Used Avail Use% Mounted on
tmpfs           681M  1.6M  679M   1% /run
/dev/sda2        30G  6.8G   22G  25% /
tmpfs           1.7G     0  1.7G   0% /dev/shm
tmpfs           5.0M  8.0K  5.0M   1% /run/lock
tmpfs           1.0M     0  1.0M   0% /run/credentials/systemd-journald.service
tmpfs           1.7G  8.0K  1.7G   1% /tmp
tmpfs           1.0M     0  1.0M   0% /run/credentials/systemd-resolved.service
tmpfs           341M   88K  341M   1% /run/user/1000

=== UPTIME OF VM ===
up 24 minutes
=== MEMORY INFORMATION ===
Mem:           3.3Gi       1.2Gi       705Mi        24Mi       1.7Gi       2.1Gi
=== DISK SPACE INFO ===
Filesystem      Size  Used Avail Use% Mounted on
tmpfs           681M  1.6M  679M   1% /run
/dev/sda2        30G  6.8G   22G  25% /
tmpfs           1.7G     0  1.7G   0% /dev/shm
tmpfs           5.0M  8.0K  5.0M   1% /run/lock
tmpfs           1.0M     0  1.0M   0% /run/credentials/systemd-journald.service
tmpfs           1.7G  8.0K  1.7G   1% /tmp
tmpfs           1.0M     0  1.0M   0% /run/credentials/systemd-resolved.service
tmpfs           341M   88K  341M   1% /run/user/1000

=== UPTIME OF VM ===
up 25 minutes
=== MEMORY INFORMATION ===
Mem:           3.3Gi       1.2Gi       705Mi        24Mi       1.7Gi       2.1Gi
=== DISK SPACE INFO ===
Filesystem      Size  Used Avail Use% Mounted on
tmpfs           681M  1.6M  679M   1% /run
/dev/sda2        30G  6.8G   22G  25% /
tmpfs           1.7G     0  1.7G   0% /dev/shm
tmpfs           5.0M  8.0K  5.0M   1% /run/lock
tmpfs           1.0M     0  1.0M   0% /run/credentials/systemd-journald.service
tmpfs           1.7G  8.0K  1.7G   1% /tmp
tmpfs           1.0M     0  1.0M   0% /run/credentials/systemd-resolved.service
tmpfs           341M   88K  341M   1% /run/user/1000

=== UPTIME OF VM ===
up 26 minutes
=== MEMORY INFORMATION ===
Mem:           3.3Gi       1.2Gi       705Mi        24Mi       1.7Gi       2.1Gi
=== DISK SPACE INFO ===
Filesystem      Size  Used Avail Use% Mounted on
tmpfs           681M  1.6M  679M   1% /run
/dev/sda2        30G  6.8G   22G  25% /
tmpfs           1.7G     0  1.7G   0% /dev/shm
tmpfs           5.0M  8.0K  5.0M   1% /run/lock
tmpfs           1.0M     0  1.0M   0% /run/credentials/systemd-journald.service
tmpfs           1.7G  8.0K  1.7G   1% /tmp
tmpfs           1.0M     0  1.0M   0% /run/credentials/systemd-resolved.service
tmpfs           341M   88K  341M   1% /run/user/1000

=== UPTIME OF VM ===
up 27 minutes
=== MEMORY INFORMATION ===
Mem:           3.3Gi       1.4Gi       505Mi        38Mi       1.7Gi       2.0Gi
=== DISK SPACE INFO ===
Filesystem      Size  Used Avail Use% Mounted on
tmpfs           681M  1.6M  679M   1% /run
/dev/sda2        30G  6.8G   22G  25% /
tmpfs           1.7G     0  1.7G   0% /dev/shm
tmpfs           5.0M  8.0K  5.0M   1% /run/lock
tmpfs           1.0M     0  1.0M   0% /run/credentials/systemd-journald.service
tmpfs           1.7G  8.0K  1.7G   1% /tmp
tmpfs           1.0M     0  1.0M   0% /run/credentials/systemd-resolved.service
tmpfs           341M   88K  341M   1% /run/user/1000

=== UPTIME OF VM ===
up 28 minutes
=== MEMORY INFORMATION ===
Mem:           3.3Gi       1.4Gi       505Mi        38Mi       1.7Gi       2.0Gi
=== DISK SPACE INFO ===
Filesystem      Size  Used Avail Use% Mounted on
tmpfs           681M  1.6M  679M   1% /run
/dev/sda2        30G  6.8G   22G  25% /
tmpfs           1.7G     0  1.7G   0% /dev/shm
tmpfs           5.0M  8.0K  5.0M   1% /run/lock
tmpfs           1.0M     0  1.0M   0% /run/credentials/systemd-journald.service
tmpfs           1.7G  8.0K  1.7G   1% /tmp
tmpfs           1.0M     0  1.0M   0% /run/credentials/systemd-resolved.service
tmpfs           341M   88K  341M   1% /run/user/1000

=== UPTIME OF VM ===
up 29 minutes
=== MEMORY INFORMATION ===
Mem:           3.3Gi       1.4Gi       505Mi        38Mi       1.7Gi       2.0Gi
=== DISK SPACE INFO ===
Filesystem      Size  Used Avail Use% Mounted on
tmpfs           681M  1.6M  679M   1% /run
/dev/sda2        30G  6.8G   22G  25% /
tmpfs           1.7G     0  1.7G   0% /dev/shm
tmpfs           5.0M  8.0K  5.0M   1% /run/lock
tmpfs           1.0M     0  1.0M   0% /run/credentials/systemd-journald.service
tmpfs           1.7G  8.0K  1.7G   1% /tmp
tmpfs           1.0M     0  1.0M   0% /run/credentials/systemd-resolved.service
tmpfs           341M   88K  341M   1% /run/user/1000

=== UPTIME OF VM ===
up 30 minutes
=== MEMORY INFORMATION ===
Mem:           3.3Gi       1.4Gi       505Mi        38Mi       1.7Gi       2.0Gi
=== DISK SPACE INFO ===
Filesystem      Size  Used Avail Use% Mounted on
tmpfs           681M  1.6M  679M   1% /run
/dev/sda2        30G  6.8G   22G  25% /
tmpfs           1.7G     0  1.7G   0% /dev/shm
tmpfs           5.0M  8.0K  5.0M   1% /run/lock
tmpfs           1.0M     0  1.0M   0% /run/credentials/systemd-journald.service
tmpfs           1.7G  8.0K  1.7G   1% /tmp
tmpfs           1.0M     0  1.0M   0% /run/credentials/systemd-resolved.service
tmpfs           341M   88K  341M   1% /run/user/1000

=== UPTIME OF VM ===
up 31 minutes
=== MEMORY INFORMATION ===
Mem:           3.3Gi       1.4Gi       505Mi        38Mi       1.7Gi       2.0Gi
=== DISK SPACE INFO ===
Filesystem      Size  Used Avail Use% Mounted on
tmpfs           681M  1.6M  679M   1% /run
/dev/sda2        30G  6.8G   22G  25% /
tmpfs           1.7G     0  1.7G   0% /dev/shm
tmpfs           5.0M  8.0K  5.0M   1% /run/lock
tmpfs           1.0M     0  1.0M   0% /run/credentials/systemd-journald.service
tmpfs           1.7G  8.0K  1.7G   1% /tmp
tmpfs           1.0M     0  1.0M   0% /run/credentials/systemd-resolved.service
tmpfs           341M   88K  341M   1% /run/user/1000

=== UPTIME OF VM ===
up 32 minutes
=== MEMORY INFORMATION ===
Mem:           3.3Gi       1.4Gi       505Mi        32Mi       1.7Gi       2.0Gi
=== DISK SPACE INFO ===
Filesystem      Size  Used Avail Use% Mounted on
tmpfs           681M  1.6M  679M   1% /run
/dev/sda2        30G  6.8G   22G  25% /
tmpfs           1.7G     0  1.7G   0% /dev/shm
tmpfs           5.0M  8.0K  5.0M   1% /run/lock
tmpfs           1.0M     0  1.0M   0% /run/credentials/systemd-journald.service
tmpfs           1.7G  8.0K  1.7G   1% /tmp
tmpfs           1.0M     0  1.0M   0% /run/credentials/systemd-resolved.service
tmpfs           341M   88K  341M   1% /run/user/1000

=== UPTIME OF VM ===
up 33 minutes
=== MEMORY INFORMATION ===
Mem:           3.3Gi       1.4Gi       482Mi        32Mi       1.7Gi       2.0Gi
=== DISK SPACE INFO ===
Filesystem      Size  Used Avail Use% Mounted on
tmpfs           681M  1.7M  679M   1% /run
/dev/sda2        30G  6.8G   22G  25% /
tmpfs           1.7G     0  1.7G   0% /dev/shm
tmpfs           5.0M  8.0K  5.0M   1% /run/lock
tmpfs           1.0M     0  1.0M   0% /run/credentials/systemd-journald.service
tmpfs           1.7G  8.0K  1.7G   1% /tmp
tmpfs           1.0M     0  1.0M   0% /run/credentials/systemd-resolved.service
tmpfs           341M   88K  341M   1% /run/user/1000

=== UPTIME OF VM ===
up 34 minutes
=== MEMORY INFORMATION ===
Mem:           3.3Gi       1.4Gi       482Mi        32Mi       1.7Gi       2.0Gi
=== DISK SPACE INFO ===
Filesystem      Size  Used Avail Use% Mounted on
tmpfs           681M  1.7M  679M   1% /run
/dev/sda2        30G  6.8G   22G  25% /
tmpfs           1.7G     0  1.7G   0% /dev/shm
tmpfs           5.0M  8.0K  5.0M   1% /run/lock
tmpfs           1.0M     0  1.0M   0% /run/credentials/systemd-journald.service
tmpfs           1.7G  8.0K  1.7G   1% /tmp
tmpfs           1.0M     0  1.0M   0% /run/credentials/systemd-resolved.service
tmpfs           341M   88K  341M   1% /run/user/1000

=== UPTIME OF VM ===
up 35 minutes
=== MEMORY INFORMATION ===
Mem:           3.3Gi       1.4Gi       482Mi        32Mi       1.7Gi       2.0Gi
=== DISK SPACE INFO ===
Filesystem      Size  Used Avail Use% Mounted on
tmpfs           681M  1.7M  679M   1% /run
/dev/sda2        30G  6.8G   22G  25% /
tmpfs           1.7G     0  1.7G   0% /dev/shm
tmpfs           5.0M  8.0K  5.0M   1% /run/lock
tmpfs           1.0M     0  1.0M   0% /run/credentials/systemd-journald.service
tmpfs           1.7G  8.0K  1.7G   1% /tmp
tmpfs           1.0M     0  1.0M   0% /run/credentials/systemd-resolved.service
tmpfs           341M   88K  341M   1% /run/user/1000

=== UPTIME OF VM ===
up 36 minutes
=== MEMORY INFORMATION ===
Mem:           3.3Gi       1.4Gi       482Mi        32Mi       1.7Gi       2.0Gi
=== DISK SPACE INFO ===
Filesystem      Size  Used Avail Use% Mounted on
tmpfs           681M  1.7M  679M   1% /run
/dev/sda2        30G  6.8G   22G  25% /
tmpfs           1.7G     0  1.7G   0% /dev/shm
tmpfs           5.0M  8.0K  5.0M   1% /run/lock
tmpfs           1.0M     0  1.0M   0% /run/credentials/systemd-journald.service
tmpfs           1.7G  8.0K  1.7G   1% /tmp
tmpfs           1.0M     0  1.0M   0% /run/credentials/systemd-resolved.service
tmpfs           341M   88K  341M   1% /run/user/1000

=== UPTIME OF VM ===
up 37 minutes
=== MEMORY INFORMATION ===
Mem:           3.3Gi       1.4Gi       435Mi        32Mi       1.7Gi       1.9Gi
=== DISK SPACE INFO ===
Filesystem      Size  Used Avail Use% Mounted on
tmpfs           681M  1.7M  679M   1% /run
/dev/sda2        30G  6.8G   22G  25% /
tmpfs           1.7G     0  1.7G   0% /dev/shm
tmpfs           5.0M  8.0K  5.0M   1% /run/lock
tmpfs           1.0M     0  1.0M   0% /run/credentials/systemd-journald.service
tmpfs           1.7G  8.0K  1.7G   1% /tmp
tmpfs           1.0M     0  1.0M   0% /run/credentials/systemd-resolved.service
tmpfs           341M   88K  341M   1% /run/user/1000

=== UPTIME OF VM ===
up 38 minutes
=== MEMORY INFORMATION ===
Mem:           3.3Gi       1.4Gi       435Mi        32Mi       1.7Gi       1.9Gi
=== DISK SPACE INFO ===
Filesystem      Size  Used Avail Use% Mounted on
tmpfs           681M  1.7M  679M   1% /run
/dev/sda2        30G  6.8G   22G  25% /
tmpfs           1.7G     0  1.7G   0% /dev/shm
tmpfs           5.0M  8.0K  5.0M   1% /run/lock
tmpfs           1.0M     0  1.0M   0% /run/credentials/systemd-journald.service
tmpfs           1.7G  8.0K  1.7G   1% /tmp
tmpfs           1.0M     0  1.0M   0% /run/credentials/systemd-resolved.service
tmpfs           341M   88K  341M   1% /run/user/1000

=== UPTIME OF VM ===
up 39 minutes
=== MEMORY INFORMATION ===
Mem:           3.3Gi       1.4Gi       435Mi        32Mi       1.7Gi       1.9Gi
=== DISK SPACE INFO ===
Filesystem      Size  Used Avail Use% Mounted on
tmpfs           681M  1.7M  679M   1% /run
/dev/sda2        30G  6.8G   22G  25% /
tmpfs           1.7G     0  1.7G   0% /dev/shm
tmpfs           5.0M  8.0K  5.0M   1% /run/lock
tmpfs           1.0M     0  1.0M   0% /run/credentials/systemd-journald.service
tmpfs           1.7G  8.0K  1.7G   1% /tmp
tmpfs           1.0M     0  1.0M   0% /run/credentials/systemd-resolved.service
tmpfs           341M   88K  341M   1% /run/user/1000

=== UPTIME OF VM ===
up 40 minutes
=== MEMORY INFORMATION ===
Mem:           3.3Gi       1.4Gi       435Mi        32Mi       1.7Gi       1.9Gi
=== DISK SPACE INFO ===
Filesystem      Size  Used Avail Use% Mounted on
tmpfs           681M  1.7M  679M   1% /run
/dev/sda2        30G  6.8G   22G  25% /
tmpfs           1.7G     0  1.7G   0% /dev/shm
tmpfs           5.0M  8.0K  5.0M   1% /run/lock
tmpfs           1.0M     0  1.0M   0% /run/credentials/systemd-journald.service
tmpfs           1.7G  8.0K  1.7G   1% /tmp
tmpfs           1.0M     0  1.0M   0% /run/credentials/systemd-resolved.service
tmpfs           341M   88K  341M   1% /run/user/1000

=== UPTIME OF VM ===
up 41 minutes
=== MEMORY INFORMATION ===
Mem:           3.3Gi       1.4Gi       435Mi        32Mi       1.7Gi       1.9Gi
=== DISK SPACE INFO ===
Filesystem      Size  Used Avail Use% Mounted on
tmpfs           681M  1.7M  679M   1% /run
/dev/sda2        30G  6.8G   22G  25% /
tmpfs           1.7G     0  1.7G   0% /dev/shm
tmpfs           5.0M  8.0K  5.0M   1% /run/lock
tmpfs           1.0M     0  1.0M   0% /run/credentials/systemd-journald.service
tmpfs           1.7G  8.0K  1.7G   1% /tmp
tmpfs           1.0M     0  1.0M   0% /run/credentials/systemd-resolved.service
tmpfs           341M   88K  341M   1% /run/user/1000

=== UPTIME OF VM ===
up 42 minutes
=== MEMORY INFORMATION ===
Mem:           3.3Gi       1.4Gi       435Mi        32Mi       1.7Gi       1.9Gi
=== DISK SPACE INFO ===
Filesystem      Size  Used Avail Use% Mounted on
tmpfs           681M  1.7M  679M   1% /run
/dev/sda2        30G  6.8G   22G  25% /
tmpfs           1.7G     0  1.7G   0% /dev/shm
tmpfs           5.0M  8.0K  5.0M   1% /run/lock
tmpfs           1.0M     0  1.0M   0% /run/credentials/systemd-journald.service
tmpfs           1.7G  8.0K  1.7G   1% /tmp
tmpfs           1.0M     0  1.0M   0% /run/credentials/systemd-resolved.service
tmpfs           341M   88K  341M   1% /run/user/1000

=== UPTIME OF VM ===
up 43 minutes
=== MEMORY INFORMATION ===
Mem:           3.3Gi       1.4Gi       435Mi        32Mi       1.7Gi       1.9Gi
=== DISK SPACE INFO ===
Filesystem      Size  Used Avail Use% Mounted on
tmpfs           681M  1.7M  679M   1% /run
/dev/sda2        30G  6.8G   22G  25% /
tmpfs           1.7G     0  1.7G   0% /dev/shm
tmpfs           5.0M  8.0K  5.0M   1% /run/lock
tmpfs           1.0M     0  1.0M   0% /run/credentials/systemd-journald.service
tmpfs           1.7G  8.0K  1.7G   1% /tmp
tmpfs           1.0M     0  1.0M   0% /run/credentials/systemd-resolved.service
tmpfs           341M   88K  341M   1% /run/user/1000

=== UPTIME OF VM ===
up 44 minutes
=== MEMORY INFORMATION ===
Mem:           3.3Gi       1.4Gi       435Mi        32Mi       1.7Gi       1.9Gi
=== DISK SPACE INFO ===
Filesystem      Size  Used Avail Use% Mounted on
tmpfs           681M  1.7M  679M   1% /run
/dev/sda2        30G  6.8G   22G  25% /
tmpfs           1.7G     0  1.7G   0% /dev/shm
tmpfs           5.0M  8.0K  5.0M   1% /run/lock
tmpfs           1.0M     0  1.0M   0% /run/credentials/systemd-journald.service
tmpfs           1.7G  8.0K  1.7G   1% /tmp
tmpfs           1.0M     0  1.0M   0% /run/credentials/systemd-resolved.service
tmpfs           341M   88K  341M   1% /run/user/1000

=== UPTIME OF VM ===
up 45 minutes
=== MEMORY INFORMATION ===
Mem:           3.3Gi       1.4Gi       435Mi        32Mi       1.7Gi       1.9Gi
=== DISK SPACE INFO ===
Filesystem      Size  Used Avail Use% Mounted on
tmpfs           681M  1.7M  679M   1% /run
/dev/sda2        30G  6.8G   22G  25% /
tmpfs           1.7G     0  1.7G   0% /dev/shm
tmpfs           5.0M  8.0K  5.0M   1% /run/lock
tmpfs           1.0M     0  1.0M   0% /run/credentials/systemd-journald.service
tmpfs           1.7G  8.0K  1.7G   1% /tmp
tmpfs           1.0M     0  1.0M   0% /run/credentials/systemd-resolved.service
tmpfs           341M   88K  341M   1% /run/user/1000

=== UPTIME OF VM ===
up 46 minutes
=== MEMORY INFORMATION ===
Mem:           3.3Gi       1.4Gi       435Mi        32Mi       1.7Gi       1.9Gi
=== DISK SPACE INFO ===
Filesystem      Size  Used Avail Use% Mounted on
tmpfs           681M  1.7M  679M   1% /run
/dev/sda2        30G  6.8G   22G  25% /
tmpfs           1.7G     0  1.7G   0% /dev/shm
tmpfs           5.0M  8.0K  5.0M   1% /run/lock
tmpfs           1.0M     0  1.0M   0% /run/credentials/systemd-journald.service
tmpfs           1.7G  8.0K  1.7G   1% /tmp
tmpfs           1.0M     0  1.0M   0% /run/credentials/systemd-resolved.service
tmpfs           341M   88K  341M   1% /run/user/1000

=== UPTIME OF VM ===
up 47 minutes
=== MEMORY INFORMATION ===
Mem:           3.3Gi       1.4Gi       435Mi        32Mi       1.7Gi       1.9Gi
=== DISK SPACE INFO ===
Filesystem      Size  Used Avail Use% Mounted on
tmpfs           681M  1.7M  679M   1% /run
/dev/sda2        30G  6.8G   22G  25% /
tmpfs           1.7G     0  1.7G   0% /dev/shm
tmpfs           5.0M  8.0K  5.0M   1% /run/lock
tmpfs           1.0M     0  1.0M   0% /run/credentials/systemd-journald.service
tmpfs           1.7G  8.0K  1.7G   1% /tmp
tmpfs           1.0M     0  1.0M   0% /run/credentials/systemd-resolved.service
tmpfs           341M   88K  341M   1% /run/user/1000

=== UPTIME OF VM ===
up 48 minutes
=== MEMORY INFORMATION ===
Mem:           3.3Gi       1.4Gi       435Mi        32Mi       1.7Gi       1.9Gi
=== DISK SPACE INFO ===
Filesystem      Size  Used Avail Use% Mounted on
tmpfs           681M  1.7M  679M   1% /run
/dev/sda2        30G  6.8G   22G  25% /
tmpfs           1.7G     0  1.7G   0% /dev/shm
tmpfs           5.0M  8.0K  5.0M   1% /run/lock
tmpfs           1.0M     0  1.0M   0% /run/credentials/systemd-journald.service
tmpfs           1.7G  8.0K  1.7G   1% /tmp
tmpfs           1.0M     0  1.0M   0% /run/credentials/systemd-resolved.service
tmpfs           341M   88K  341M   1% /run/user/1000

=== UPTIME OF VM ===
up 49 minutes
=== MEMORY INFORMATION ===
Mem:           3.3Gi       1.4Gi       435Mi        32Mi       1.7Gi       1.9Gi
=== DISK SPACE INFO ===
Filesystem      Size  Used Avail Use% Mounted on
tmpfs           681M  1.7M  679M   1% /run
/dev/sda2        30G  6.8G   22G  25% /
tmpfs           1.7G     0  1.7G   0% /dev/shm
tmpfs           5.0M  8.0K  5.0M   1% /run/lock
tmpfs           1.0M     0  1.0M   0% /run/credentials/systemd-journald.service
tmpfs           1.7G  8.0K  1.7G   1% /tmp
tmpfs           1.0M     0  1.0M   0% /run/credentials/systemd-resolved.service
tmpfs           341M   88K  341M   1% /run/user/1000

=== UPTIME OF VM ===
up 50 minutes
=== MEMORY INFORMATION ===
Mem:           3.3Gi       1.4Gi       435Mi        32Mi       1.7Gi       1.9Gi
=== DISK SPACE INFO ===
Filesystem      Size  Used Avail Use% Mounted on
tmpfs           681M  1.7M  679M   1% /run
/dev/sda2        30G  6.8G   22G  25% /
tmpfs           1.7G     0  1.7G   0% /dev/shm
tmpfs           5.0M  8.0K  5.0M   1% /run/lock
tmpfs           1.0M     0  1.0M   0% /run/credentials/systemd-journald.service
tmpfs           1.7G  8.0K  1.7G   1% /tmp
tmpfs           1.0M     0  1.0M   0% /run/credentials/systemd-resolved.service
tmpfs           341M   88K  341M   1% /run/user/1000

=== UPTIME OF VM ===
up 51 minutes
=== MEMORY INFORMATION ===
Mem:           3.3Gi       1.4Gi       435Mi        32Mi       1.7Gi       1.9Gi
=== DISK SPACE INFO ===
Filesystem      Size  Used Avail Use% Mounted on
tmpfs           681M  1.7M  679M   1% /run
/dev/sda2        30G  6.8G   22G  25% /
tmpfs           1.7G     0  1.7G   0% /dev/shm
tmpfs           5.0M  8.0K  5.0M   1% /run/lock
tmpfs           1.0M     0  1.0M   0% /run/credentials/systemd-journald.service
tmpfs           1.7G  8.0K  1.7G   1% /tmp
tmpfs           1.0M     0  1.0M   0% /run/credentials/systemd-resolved.service
tmpfs           341M   88K  341M   1% /run/user/1000

=== UPTIME OF VM ===
up 52 minutes
=== MEMORY INFORMATION ===
Mem:           3.3Gi       1.4Gi       435Mi        32Mi       1.7Gi       1.9Gi
=== DISK SPACE INFO ===
Filesystem      Size  Used Avail Use% Mounted on
tmpfs           681M  1.7M  679M   1% /run
/dev/sda2        30G  6.8G   22G  25% /
tmpfs           1.7G     0  1.7G   0% /dev/shm
tmpfs           5.0M  8.0K  5.0M   1% /run/lock
tmpfs           1.0M     0  1.0M   0% /run/credentials/systemd-journald.service
tmpfs           1.7G  8.0K  1.7G   1% /tmp
tmpfs           1.0M     0  1.0M   0% /run/credentials/systemd-resolved.service
tmpfs           341M   88K  341M   1% /run/user/1000

=== UPTIME OF VM ===
up 53 minutes
=== MEMORY INFORMATION ===
Mem:           3.3Gi       1.4Gi       435Mi        32Mi       1.7Gi       1.9Gi
=== DISK SPACE INFO ===
Filesystem      Size  Used Avail Use% Mounted on
tmpfs           681M  1.7M  679M   1% /run
/dev/sda2        30G  6.8G   22G  25% /
tmpfs           1.7G     0  1.7G   0% /dev/shm
tmpfs           5.0M  8.0K  5.0M   1% /run/lock
tmpfs           1.0M     0  1.0M   0% /run/credentials/systemd-journald.service
tmpfs           1.7G  8.0K  1.7G   1% /tmp
tmpfs           1.0M     0  1.0M   0% /run/credentials/systemd-resolved.service
tmpfs           341M   88K  341M   1% /run/user/1000

=== UPTIME OF VM ===
up 54 minutes
=== MEMORY INFORMATION ===
Mem:           3.3Gi       1.4Gi       435Mi        32Mi       1.7Gi       1.9Gi
=== DISK SPACE INFO ===
Filesystem      Size  Used Avail Use% Mounted on
tmpfs           681M  1.7M  679M   1% /run
/dev/sda2        30G  6.8G   22G  25% /
tmpfs           1.7G     0  1.7G   0% /dev/shm
tmpfs           5.0M  8.0K  5.0M   1% /run/lock
tmpfs           1.0M     0  1.0M   0% /run/credentials/systemd-journald.service
tmpfs           1.7G  8.0K  1.7G   1% /tmp
tmpfs           1.0M     0  1.0M   0% /run/credentials/systemd-resolved.service
tmpfs           341M   88K  341M   1% /run/user/1000

=== UPTIME OF VM ===
up 55 minutes
=== MEMORY INFORMATION ===
Mem:           3.3Gi       1.4Gi       435Mi        32Mi       1.7Gi       1.9Gi
=== DISK SPACE INFO ===
Filesystem      Size  Used Avail Use% Mounted on
tmpfs           681M  1.7M  679M   1% /run
/dev/sda2        30G  6.8G   22G  25% /
tmpfs           1.7G     0  1.7G   0% /dev/shm
tmpfs           5.0M  8.0K  5.0M   1% /run/lock
tmpfs           1.0M     0  1.0M   0% /run/credentials/systemd-journald.service
tmpfs           1.7G  8.0K  1.7G   1% /tmp
tmpfs           1.0M     0  1.0M   0% /run/credentials/systemd-resolved.service
tmpfs           341M   88K  341M   1% /run/user/1000

=== UPTIME OF VM ===
up 56 minutes
=== MEMORY INFORMATION ===
Mem:           3.3Gi       1.4Gi       435Mi        32Mi       1.7Gi       1.9Gi
=== DISK SPACE INFO ===
Filesystem      Size  Used Avail Use% Mounted on
tmpfs           681M  1.7M  679M   1% /run
/dev/sda2        30G  6.8G   22G  25% /
tmpfs           1.7G     0  1.7G   0% /dev/shm
tmpfs           5.0M  8.0K  5.0M   1% /run/lock
tmpfs           1.0M     0  1.0M   0% /run/credentials/systemd-journald.service
tmpfs           1.7G  8.0K  1.7G   1% /tmp
tmpfs           1.0M     0  1.0M   0% /run/credentials/systemd-resolved.service
tmpfs           341M   88K  341M   1% /run/user/1000

=== UPTIME OF VM ===
up 57 minutes
=== MEMORY INFORMATION ===
Mem:           3.3Gi       1.4Gi       435Mi        32Mi       1.7Gi       1.9Gi
=== DISK SPACE INFO ===
Filesystem      Size  Used Avail Use% Mounted on
tmpfs           681M  1.7M  679M   1% /run
/dev/sda2        30G  6.8G   22G  25% /
tmpfs           1.7G     0  1.7G   0% /dev/shm
tmpfs           5.0M  8.0K  5.0M   1% /run/lock
tmpfs           1.0M     0  1.0M   0% /run/credentials/systemd-journald.service
tmpfs           1.7G  8.0K  1.7G   1% /tmp
tmpfs           1.0M     0  1.0M   0% /run/credentials/systemd-resolved.service
tmpfs           341M   88K  341M   1% /run/user/1000

=== UPTIME OF VM ===
up 58 minutes
=== MEMORY INFORMATION ===
Mem:           3.3Gi       1.4Gi       435Mi        32Mi       1.7Gi       1.9Gi
=== DISK SPACE INFO ===
Filesystem      Size  Used Avail Use% Mounted on
tmpfs           681M  1.7M  679M   1% /run
/dev/sda2        30G  6.8G   22G  25% /
tmpfs           1.7G     0  1.7G   0% /dev/shm
tmpfs           5.0M  8.0K  5.0M   1% /run/lock
tmpfs           1.0M     0  1.0M   0% /run/credentials/systemd-journald.service
tmpfs           1.7G  8.0K  1.7G   1% /tmp
tmpfs           1.0M     0  1.0M   0% /run/credentials/systemd-resolved.service
tmpfs           341M   88K  341M   1% /run/user/1000

=== UPTIME OF VM ===
up 59 minutes
=== MEMORY INFORMATION ===
Mem:           3.3Gi       1.4Gi       435Mi        32Mi       1.7Gi       1.9Gi
=== DISK SPACE INFO ===
Filesystem      Size  Used Avail Use% Mounted on
tmpfs           681M  1.7M  679M   1% /run
/dev/sda2        30G  6.8G   22G  25% /
tmpfs           1.7G     0  1.7G   0% /dev/shm
tmpfs           5.0M  8.0K  5.0M   1% /run/lock
tmpfs           1.0M     0  1.0M   0% /run/credentials/systemd-journald.service
tmpfs           1.7G  8.0K  1.7G   1% /tmp
tmpfs           1.0M     0  1.0M   0% /run/credentials/systemd-resolved.service
tmpfs           341M   88K  341M   1% /run/user/1000

=== UPTIME OF VM ===
up 1 hour, 0 minutes
=== MEMORY INFORMATION ===
Mem:           3.3Gi       1.4Gi       435Mi        32Mi       1.7Gi       1.9Gi
=== DISK SPACE INFO ===
Filesystem      Size  Used Avail Use% Mounted on
tmpfs           681M  1.7M  679M   1% /run
/dev/sda2        30G  6.8G   22G  25% /
tmpfs           1.7G     0  1.7G   0% /dev/shm
tmpfs           5.0M  8.0K  5.0M   1% /run/lock
tmpfs           1.0M     0  1.0M   0% /run/credentials/systemd-journald.service
tmpfs           1.7G  8.0K  1.7G   1% /tmp
tmpfs           1.0M     0  1.0M   0% /run/credentials/systemd-resolved.service
tmpfs           341M   88K  341M   1% /run/user/1000

=== UPTIME OF VM ===
up 1 hour, 1 minute
=== MEMORY INFORMATION ===
Mem:           3.3Gi       1.4Gi       435Mi        32Mi       1.7Gi       1.9Gi
=== DISK SPACE INFO ===
Filesystem      Size  Used Avail Use% Mounted on
tmpfs           681M  1.7M  679M   1% /run
/dev/sda2        30G  6.8G   22G  25% /
tmpfs           1.7G     0  1.7G   0% /dev/shm
tmpfs           5.0M  8.0K  5.0M   1% /run/lock
tmpfs           1.0M     0  1.0M   0% /run/credentials/systemd-journald.service
tmpfs           1.7G  8.0K  1.7G   1% /tmp
tmpfs           1.0M     0  1.0M   0% /run/credentials/systemd-resolved.service
tmpfs           341M   88K  341M   1% /run/user/1000

=== UPTIME OF VM ===
up 1 hour, 2 minutes
=== MEMORY INFORMATION ===
Mem:           3.3Gi       1.4Gi       435Mi        32Mi       1.7Gi       1.9Gi
=== DISK SPACE INFO ===
Filesystem      Size  Used Avail Use% Mounted on
tmpfs           681M  1.7M  679M   1% /run
/dev/sda2        30G  6.8G   22G  25% /
tmpfs           1.7G     0  1.7G   0% /dev/shm
tmpfs           5.0M  8.0K  5.0M   1% /run/lock
tmpfs           1.0M     0  1.0M   0% /run/credentials/systemd-journald.service
tmpfs           1.7G  8.0K  1.7G   1% /tmp
tmpfs           1.0M     0  1.0M   0% /run/credentials/systemd-resolved.service
tmpfs           341M   88K  341M   1% /run/user/1000

=== UPTIME OF VM ===
up 1 hour, 3 minutes
=== MEMORY INFORMATION ===
Mem:           3.3Gi       1.4Gi       435Mi        32Mi       1.7Gi       1.9Gi
=== DISK SPACE INFO ===
Filesystem      Size  Used Avail Use% Mounted on
tmpfs           681M  1.7M  679M   1% /run
/dev/sda2        30G  6.8G   22G  25% /
tmpfs           1.7G     0  1.7G   0% /dev/shm
tmpfs           5.0M  8.0K  5.0M   1% /run/lock
tmpfs           1.0M     0  1.0M   0% /run/credentials/systemd-journald.service
tmpfs           1.7G  8.0K  1.7G   1% /tmp
tmpfs           1.0M     0  1.0M   0% /run/credentials/systemd-resolved.service
tmpfs           341M   88K  341M   1% /run/user/1000

=== UPTIME OF VM ===
up 1 hour, 4 minutes
=== MEMORY INFORMATION ===
Mem:           3.3Gi       1.4Gi       435Mi        32Mi       1.7Gi       1.9Gi
=== DISK SPACE INFO ===
Filesystem      Size  Used Avail Use% Mounted on
tmpfs           681M  1.7M  679M   1% /run
/dev/sda2        30G  6.8G   22G  25% /
tmpfs           1.7G     0  1.7G   0% /dev/shm
tmpfs           5.0M  8.0K  5.0M   1% /run/lock
tmpfs           1.0M     0  1.0M   0% /run/credentials/systemd-journald.service
tmpfs           1.7G  8.0K  1.7G   1% /tmp
tmpfs           1.0M     0  1.0M   0% /run/credentials/systemd-resolved.service
tmpfs           341M   88K  341M   1% /run/user/1000

=== UPTIME OF VM ===
up 1 hour, 5 minutes
=== MEMORY INFORMATION ===
Mem:           3.3Gi       1.4Gi       435Mi        32Mi       1.7Gi       1.9Gi
=== DISK SPACE INFO ===
Filesystem      Size  Used Avail Use% Mounted on
tmpfs           681M  1.7M  679M   1% /run
/dev/sda2        30G  6.8G   22G  25% /
tmpfs           1.7G     0  1.7G   0% /dev/shm
tmpfs           5.0M  8.0K  5.0M   1% /run/lock
tmpfs           1.0M     0  1.0M   0% /run/credentials/systemd-journald.service
tmpfs           1.7G  8.0K  1.7G   1% /tmp
tmpfs           1.0M     0  1.0M   0% /run/credentials/systemd-resolved.service
tmpfs           341M   88K  341M   1% /run/user/1000

=== UPTIME OF VM ===
up 1 hour, 6 minutes
=== MEMORY INFORMATION ===
Mem:           3.3Gi       1.4Gi       435Mi        32Mi       1.7Gi       1.9Gi
=== DISK SPACE INFO ===
Filesystem      Size  Used Avail Use% Mounted on
tmpfs           681M  1.7M  679M   1% /run
/dev/sda2        30G  6.8G   22G  25% /
tmpfs           1.7G     0  1.7G   0% /dev/shm
tmpfs           5.0M  8.0K  5.0M   1% /run/lock
tmpfs           1.0M     0  1.0M   0% /run/credentials/systemd-journald.service
tmpfs           1.7G  8.0K  1.7G   1% /tmp
tmpfs           1.0M     0  1.0M   0% /run/credentials/systemd-resolved.service
tmpfs           341M   88K  341M   1% /run/user/1000

=== UPTIME OF VM ===
up 1 hour, 7 minutes
=== MEMORY INFORMATION ===
Mem:           3.3Gi       1.4Gi       435Mi        32Mi       1.7Gi       1.9Gi
=== DISK SPACE INFO ===
Filesystem      Size  Used Avail Use% Mounted on
tmpfs           681M  1.7M  679M   1% /run
/dev/sda2        30G  6.8G   22G  25% /
tmpfs           1.7G     0  1.7G   0% /dev/shm
tmpfs           5.0M  8.0K  5.0M   1% /run/lock
tmpfs           1.0M     0  1.0M   0% /run/credentials/systemd-journald.service
tmpfs           1.7G  8.0K  1.7G   1% /tmp
tmpfs           1.0M     0  1.0M   0% /run/credentials/systemd-resolved.service
tmpfs           341M   88K  341M   1% /run/user/1000

=== UPTIME OF VM ===
up 1 hour, 8 minutes
=== MEMORY INFORMATION ===
Mem:           3.3Gi       1.4Gi       435Mi        32Mi       1.7Gi       1.9Gi
=== DISK SPACE INFO ===
Filesystem      Size  Used Avail Use% Mounted on
tmpfs           681M  1.7M  679M   1% /run
/dev/sda2        30G  6.8G   22G  25% /
tmpfs           1.7G     0  1.7G   0% /dev/shm
tmpfs           5.0M  8.0K  5.0M   1% /run/lock
tmpfs           1.0M     0  1.0M   0% /run/credentials/systemd-journald.service
tmpfs           1.7G  8.0K  1.7G   1% /tmp
tmpfs           1.0M     0  1.0M   0% /run/credentials/systemd-resolved.service
tmpfs           341M   88K  341M   1% /run/user/1000

=== UPTIME OF VM ===
up 1 hour, 9 minutes
=== MEMORY INFORMATION ===
Mem:           3.3Gi       1.4Gi       435Mi        32Mi       1.7Gi       1.9Gi
=== DISK SPACE INFO ===
Filesystem      Size  Used Avail Use% Mounted on
tmpfs           681M  1.7M  679M   1% /run
/dev/sda2        30G  6.8G   22G  25% /
tmpfs           1.7G     0  1.7G   0% /dev/shm
tmpfs           5.0M  8.0K  5.0M   1% /run/lock
tmpfs           1.0M     0  1.0M   0% /run/credentials/systemd-journald.service
tmpfs           1.7G  8.0K  1.7G   1% /tmp
tmpfs           1.0M     0  1.0M   0% /run/credentials/systemd-resolved.service
tmpfs           341M   88K  341M   1% /run/user/1000

=== UPTIME OF VM ===
up 1 hour, 10 minutes
=== MEMORY INFORMATION ===
Mem:           3.3Gi       1.4Gi       435Mi        32Mi       1.7Gi       1.9Gi
=== DISK SPACE INFO ===
Filesystem      Size  Used Avail Use% Mounted on
tmpfs           681M  1.7M  679M   1% /run
/dev/sda2        30G  6.8G   22G  25% /
tmpfs           1.7G     0  1.7G   0% /dev/shm
tmpfs           5.0M  8.0K  5.0M   1% /run/lock
tmpfs           1.0M     0  1.0M   0% /run/credentials/systemd-journald.service
tmpfs           1.7G  8.0K  1.7G   1% /tmp
tmpfs           1.0M     0  1.0M   0% /run/credentials/systemd-resolved.service
tmpfs           341M   88K  341M   1% /run/user/1000

=== UPTIME OF VM ===
up 1 hour, 11 minutes
=== MEMORY INFORMATION ===
Mem:           3.3Gi       1.4Gi       435Mi        32Mi       1.7Gi       1.9Gi
=== DISK SPACE INFO ===
Filesystem      Size  Used Avail Use% Mounted on
tmpfs           681M  1.7M  679M   1% /run
/dev/sda2        30G  6.8G   22G  25% /
tmpfs           1.7G     0  1.7G   0% /dev/shm
tmpfs           5.0M  8.0K  5.0M   1% /run/lock
tmpfs           1.0M     0  1.0M   0% /run/credentials/systemd-journald.service
tmpfs           1.7G  8.0K  1.7G   1% /tmp
tmpfs           1.0M     0  1.0M   0% /run/credentials/systemd-resolved.service
tmpfs           341M   88K  341M   1% /run/user/1000

=== UPTIME OF VM ===
up 1 hour, 12 minutes
=== MEMORY INFORMATION ===
Mem:           3.3Gi       1.4Gi       435Mi        32Mi       1.7Gi       1.9Gi
=== DISK SPACE INFO ===
Filesystem      Size  Used Avail Use% Mounted on
tmpfs           681M  1.7M  679M   1% /run
/dev/sda2        30G  6.8G   22G  25% /
tmpfs           1.7G     0  1.7G   0% /dev/shm
tmpfs           5.0M  8.0K  5.0M   1% /run/lock
tmpfs           1.0M     0  1.0M   0% /run/credentials/systemd-journald.service
tmpfs           1.7G  8.0K  1.7G   1% /tmp
tmpfs           1.0M     0  1.0M   0% /run/credentials/systemd-resolved.service
tmpfs           341M   88K  341M   1% /run/user/1000

=== UPTIME OF VM ===
up 1 hour, 13 minutes
=== MEMORY INFORMATION ===
Mem:           3.3Gi       1.4Gi       435Mi        32Mi       1.7Gi       1.9Gi
=== DISK SPACE INFO ===
Filesystem      Size  Used Avail Use% Mounted on
tmpfs           681M  1.7M  679M   1% /run
/dev/sda2        30G  6.8G   22G  25% /
tmpfs           1.7G     0  1.7G   0% /dev/shm
tmpfs           5.0M  8.0K  5.0M   1% /run/lock
tmpfs           1.0M     0  1.0M   0% /run/credentials/systemd-journald.service
tmpfs           1.7G  8.0K  1.7G   1% /tmp
tmpfs           1.0M     0  1.0M   0% /run/credentials/systemd-resolved.service
tmpfs           341M   88K  341M   1% /run/user/1000

=== UPTIME OF VM ===
up 1 hour, 14 minutes
=== MEMORY INFORMATION ===
Mem:           3.3Gi       1.4Gi       435Mi        32Mi       1.7Gi       1.9Gi
=== DISK SPACE INFO ===
Filesystem      Size  Used Avail Use% Mounted on
tmpfs           681M  1.7M  679M   1% /run
/dev/sda2        30G  6.8G   22G  25% /
tmpfs           1.7G     0  1.7G   0% /dev/shm
tmpfs           5.0M  8.0K  5.0M   1% /run/lock
tmpfs           1.0M     0  1.0M   0% /run/credentials/systemd-journald.service
tmpfs           1.7G  8.0K  1.7G   1% /tmp
tmpfs           1.0M     0  1.0M   0% /run/credentials/systemd-resolved.service
tmpfs           341M   88K  341M   1% /run/user/1000

=== UPTIME OF VM ===
up 1 hour, 15 minutes
=== MEMORY INFORMATION ===
Mem:           3.3Gi       1.4Gi       435Mi        32Mi       1.7Gi       1.9Gi
=== DISK SPACE INFO ===
Filesystem      Size  Used Avail Use% Mounted on
tmpfs           681M  1.7M  679M   1% /run
/dev/sda2        30G  6.8G   22G  25% /
tmpfs           1.7G     0  1.7G   0% /dev/shm
tmpfs           5.0M  8.0K  5.0M   1% /run/lock
tmpfs           1.0M     0  1.0M   0% /run/credentials/systemd-journald.service
tmpfs           1.7G  8.0K  1.7G   1% /tmp
tmpfs           1.0M     0  1.0M   0% /run/credentials/systemd-resolved.service
tmpfs           341M   88K  341M   1% /run/user/1000

=== UPTIME OF VM ===
up 1 hour, 16 minutes
=== MEMORY INFORMATION ===
Mem:           3.3Gi       1.4Gi       435Mi        32Mi       1.7Gi       1.9Gi
=== DISK SPACE INFO ===
Filesystem      Size  Used Avail Use% Mounted on
tmpfs           681M  1.7M  679M   1% /run
/dev/sda2        30G  6.8G   22G  25% /
tmpfs           1.7G     0  1.7G   0% /dev/shm
tmpfs           5.0M  8.0K  5.0M   1% /run/lock
tmpfs           1.0M     0  1.0M   0% /run/credentials/systemd-journald.service
tmpfs           1.7G  8.0K  1.7G   1% /tmp
tmpfs           1.0M     0  1.0M   0% /run/credentials/systemd-resolved.service
tmpfs           341M   88K  341M   1% /run/user/1000

=== UPTIME OF VM ===
up 1 hour, 17 minutes
=== MEMORY INFORMATION ===
Mem:           3.3Gi       1.4Gi       435Mi        32Mi       1.7Gi       1.9Gi
=== DISK SPACE INFO ===
Filesystem      Size  Used Avail Use% Mounted on
tmpfs           681M  1.7M  679M   1% /run
/dev/sda2        30G  6.8G   22G  25% /
tmpfs           1.7G     0  1.7G   0% /dev/shm
tmpfs           5.0M  8.0K  5.0M   1% /run/lock
tmpfs           1.0M     0  1.0M   0% /run/credentials/systemd-journald.service
tmpfs           1.7G  8.0K  1.7G   1% /tmp
tmpfs           1.0M     0  1.0M   0% /run/credentials/systemd-resolved.service
tmpfs           341M   88K  341M   1% /run/user/1000

=== UPTIME OF VM ===
up 1 hour, 18 minutes
=== MEMORY INFORMATION ===
Mem:           3.3Gi       1.4Gi       435Mi        32Mi       1.7Gi       1.9Gi
=== DISK SPACE INFO ===
Filesystem      Size  Used Avail Use% Mounted on
tmpfs           681M  1.7M  679M   1% /run
/dev/sda2        30G  6.8G   22G  25% /
tmpfs           1.7G     0  1.7G   0% /dev/shm
tmpfs           5.0M  8.0K  5.0M   1% /run/lock
tmpfs           1.0M     0  1.0M   0% /run/credentials/systemd-journald.service
tmpfs           1.7G  8.0K  1.7G   1% /tmp
tmpfs           1.0M     0  1.0M   0% /run/credentials/systemd-resolved.service
tmpfs           341M   88K  341M   1% /run/user/1000

=== UPTIME OF VM ===
up 1 hour, 19 minutes
=== MEMORY INFORMATION ===
Mem:           3.3Gi       1.4Gi       435Mi        32Mi       1.7Gi       1.9Gi
=== DISK SPACE INFO ===
Filesystem      Size  Used Avail Use% Mounted on
tmpfs           681M  1.7M  679M   1% /run
/dev/sda2        30G  6.8G   22G  25% /
tmpfs           1.7G     0  1.7G   0% /dev/shm
tmpfs           5.0M  8.0K  5.0M   1% /run/lock
tmpfs           1.0M     0  1.0M   0% /run/credentials/systemd-journald.service
tmpfs           1.7G  8.0K  1.7G   1% /tmp
tmpfs           1.0M     0  1.0M   0% /run/credentials/systemd-resolved.service
tmpfs           341M   88K  341M   1% /run/user/1000

=== UPTIME OF VM ===
up 1 hour, 20 minutes
=== MEMORY INFORMATION ===
Mem:           3.3Gi       1.4Gi       435Mi        32Mi       1.7Gi       1.9Gi
=== DISK SPACE INFO ===
Filesystem      Size  Used Avail Use% Mounted on
tmpfs           681M  1.7M  679M   1% /run
/dev/sda2        30G  6.8G   22G  25% /
tmpfs           1.7G     0  1.7G   0% /dev/shm
tmpfs           5.0M  8.0K  5.0M   1% /run/lock
tmpfs           1.0M     0  1.0M   0% /run/credentials/systemd-journald.service
tmpfs           1.7G  8.0K  1.7G   1% /tmp
tmpfs           1.0M     0  1.0M   0% /run/credentials/systemd-resolved.service
tmpfs           341M   88K  341M   1% /run/user/1000

=== UPTIME OF VM ===
up 1 hour, 21 minutes
=== MEMORY INFORMATION ===
Mem:           3.3Gi       1.4Gi       435Mi        32Mi       1.7Gi       1.9Gi
=== DISK SPACE INFO ===
Filesystem      Size  Used Avail Use% Mounted on
tmpfs           681M  1.7M  679M   1% /run
/dev/sda2        30G  6.8G   22G  25% /
tmpfs           1.7G     0  1.7G   0% /dev/shm
tmpfs           5.0M  8.0K  5.0M   1% /run/lock
tmpfs           1.0M     0  1.0M   0% /run/credentials/systemd-journald.service
tmpfs           1.7G  8.0K  1.7G   1% /tmp
tmpfs           1.0M     0  1.0M   0% /run/credentials/systemd-resolved.service
tmpfs           341M   88K  341M   1% /run/user/1000

=== UPTIME OF VM ===
up 1 hour, 22 minutes
=== MEMORY INFORMATION ===
Mem:           3.3Gi       1.4Gi       435Mi        32Mi       1.7Gi       1.9Gi
=== DISK SPACE INFO ===
Filesystem      Size  Used Avail Use% Mounted on
tmpfs           681M  1.7M  679M   1% /run
/dev/sda2        30G  6.8G   22G  25% /
tmpfs           1.7G     0  1.7G   0% /dev/shm
tmpfs           5.0M  8.0K  5.0M   1% /run/lock
tmpfs           1.0M     0  1.0M   0% /run/credentials/systemd-journald.service
tmpfs           1.7G  8.0K  1.7G   1% /tmp
tmpfs           1.0M     0  1.0M   0% /run/credentials/systemd-resolved.service
tmpfs           341M   88K  341M   1% /run/user/1000

=== UPTIME OF VM ===
up 1 hour, 23 minutes
=== MEMORY INFORMATION ===
Mem:           3.3Gi       1.4Gi       435Mi        32Mi       1.7Gi       1.9Gi
=== DISK SPACE INFO ===
Filesystem      Size  Used Avail Use% Mounted on
tmpfs           681M  1.7M  679M   1% /run
/dev/sda2        30G  6.8G   22G  25% /
tmpfs           1.7G     0  1.7G   0% /dev/shm
tmpfs           5.0M  8.0K  5.0M   1% /run/lock
tmpfs           1.0M     0  1.0M   0% /run/credentials/systemd-journald.service
tmpfs           1.7G  8.0K  1.7G   1% /tmp
tmpfs           1.0M     0  1.0M   0% /run/credentials/systemd-resolved.service
tmpfs           341M   88K  341M   1% /run/user/1000

=== UPTIME OF VM ===
up 1 hour, 24 minutes
=== MEMORY INFORMATION ===
Mem:           3.3Gi       1.4Gi       435Mi        32Mi       1.7Gi       1.9Gi
=== DISK SPACE INFO ===
Filesystem      Size  Used Avail Use% Mounted on
tmpfs           681M  1.7M  679M   1% /run
/dev/sda2        30G  6.8G   22G  25% /
tmpfs           1.7G     0  1.7G   0% /dev/shm
tmpfs           5.0M  8.0K  5.0M   1% /run/lock
tmpfs           1.0M     0  1.0M   0% /run/credentials/systemd-journald.service
tmpfs           1.7G  8.0K  1.7G   1% /tmp
tmpfs           1.0M     0  1.0M   0% /run/credentials/systemd-resolved.service
tmpfs           341M   88K  341M   1% /run/user/1000

=== UPTIME OF VM ===
up 1 hour, 25 minutes
=== MEMORY INFORMATION ===
Mem:           3.3Gi       1.4Gi       435Mi        32Mi       1.7Gi       1.9Gi
=== DISK SPACE INFO ===
Filesystem      Size  Used Avail Use% Mounted on
tmpfs           681M  1.7M  679M   1% /run
/dev/sda2        30G  6.8G   22G  25% /
tmpfs           1.7G     0  1.7G   0% /dev/shm
tmpfs           5.0M  8.0K  5.0M   1% /run/lock
tmpfs           1.0M     0  1.0M   0% /run/credentials/systemd-journald.service
tmpfs           1.7G  8.0K  1.7G   1% /tmp
tmpfs           1.0M     0  1.0M   0% /run/credentials/systemd-resolved.service
tmpfs           341M   88K  341M   1% /run/user/1000

=== UPTIME OF VM ===
up 1 hour, 26 minutes
=== MEMORY INFORMATION ===
Mem:           3.3Gi       1.4Gi       435Mi        32Mi       1.7Gi       1.9Gi
=== DISK SPACE INFO ===
Filesystem      Size  Used Avail Use% Mounted on
tmpfs           681M  1.7M  679M   1% /run
/dev/sda2        30G  6.8G   22G  25% /
tmpfs           1.7G     0  1.7G   0% /dev/shm
tmpfs           5.0M  8.0K  5.0M   1% /run/lock
tmpfs           1.0M     0  1.0M   0% /run/credentials/systemd-journald.service
tmpfs           1.7G  8.0K  1.7G   1% /tmp
tmpfs           1.0M     0  1.0M   0% /run/credentials/systemd-resolved.service
tmpfs           341M   88K  341M   1% /run/user/1000

=== UPTIME OF VM ===
up 1 hour, 27 minutes
=== MEMORY INFORMATION ===
Mem:           3.3Gi       1.4Gi       435Mi        32Mi       1.7Gi       1.9Gi
=== DISK SPACE INFO ===
Filesystem      Size  Used Avail Use% Mounted on
tmpfs           681M  1.7M  679M   1% /run
/dev/sda2        30G  6.8G   22G  25% /
tmpfs           1.7G     0  1.7G   0% /dev/shm
tmpfs           5.0M  8.0K  5.0M   1% /run/lock
tmpfs           1.0M     0  1.0M   0% /run/credentials/systemd-journald.service
tmpfs           1.7G  8.0K  1.7G   1% /tmp
tmpfs           1.0M     0  1.0M   0% /run/credentials/systemd-resolved.service
tmpfs           341M   88K  341M   1% /run/user/1000

=== UPTIME OF VM ===
up 1 hour, 28 minutes
=== MEMORY INFORMATION ===
Mem:           3.3Gi       1.4Gi       435Mi        32Mi       1.7Gi       1.9Gi
=== DISK SPACE INFO ===
Filesystem      Size  Used Avail Use% Mounted on
tmpfs           681M  1.7M  679M   1% /run
/dev/sda2        30G  6.8G   22G  25% /
tmpfs           1.7G     0  1.7G   0% /dev/shm
tmpfs           5.0M  8.0K  5.0M   1% /run/lock
tmpfs           1.0M     0  1.0M   0% /run/credentials/systemd-journald.service
tmpfs           1.7G  8.0K  1.7G   1% /tmp
tmpfs           1.0M     0  1.0M   0% /run/credentials/systemd-resolved.service
tmpfs           341M   88K  341M   1% /run/user/1000

=== UPTIME OF VM ===
up 1 hour, 29 minutes
=== MEMORY INFORMATION ===
Mem:           3.3Gi       1.4Gi       435Mi        32Mi       1.7Gi       1.9Gi
=== DISK SPACE INFO ===
Filesystem      Size  Used Avail Use% Mounted on
tmpfs           681M  1.7M  679M   1% /run
/dev/sda2        30G  6.8G   22G  25% /
tmpfs           1.7G     0  1.7G   0% /dev/shm
tmpfs           5.0M  8.0K  5.0M   1% /run/lock
tmpfs           1.0M     0  1.0M   0% /run/credentials/systemd-journald.service
tmpfs           1.7G  8.0K  1.7G   1% /tmp
tmpfs           1.0M     0  1.0M   0% /run/credentials/systemd-resolved.service
tmpfs           341M   88K  341M   1% /run/user/1000

=== UPTIME OF VM ===
up 1 hour, 30 minutes
=== MEMORY INFORMATION ===
Mem:           3.3Gi       1.4Gi       435Mi        32Mi       1.7Gi       1.9Gi
=== DISK SPACE INFO ===
Filesystem      Size  Used Avail Use% Mounted on
tmpfs           681M  1.7M  679M   1% /run
/dev/sda2        30G  6.8G   22G  25% /
tmpfs           1.7G     0  1.7G   0% /dev/shm
tmpfs           5.0M  8.0K  5.0M   1% /run/lock
tmpfs           1.0M     0  1.0M   0% /run/credentials/systemd-journald.service
tmpfs           1.7G  8.0K  1.7G   1% /tmp
tmpfs           1.0M     0  1.0M   0% /run/credentials/systemd-resolved.service
tmpfs           341M   88K  341M   1% /run/user/1000

=== UPTIME OF VM ===
up 1 hour, 31 minutes
=== MEMORY INFORMATION ===
Mem:           3.3Gi       1.4Gi       435Mi        32Mi       1.7Gi       1.9Gi
=== DISK SPACE INFO ===
Filesystem      Size  Used Avail Use% Mounted on
tmpfs           681M  1.7M  679M   1% /run
/dev/sda2        30G  6.8G   22G  25% /
tmpfs           1.7G     0  1.7G   0% /dev/shm
tmpfs           5.0M  8.0K  5.0M   1% /run/lock
tmpfs           1.0M     0  1.0M   0% /run/credentials/systemd-journald.service
tmpfs           1.7G  8.0K  1.7G   1% /tmp
tmpfs           1.0M     0  1.0M   0% /run/credentials/systemd-resolved.service
tmpfs           341M   88K  341M   1% /run/user/1000

=== UPTIME OF VM ===
up 1 hour, 32 minutes
=== MEMORY INFORMATION ===
Mem:           3.3Gi       1.4Gi       435Mi        32Mi       1.7Gi       1.9Gi
=== DISK SPACE INFO ===
Filesystem      Size  Used Avail Use% Mounted on
tmpfs           681M  1.7M  679M   1% /run
/dev/sda2        30G  6.8G   22G  25% /
tmpfs           1.7G     0  1.7G   0% /dev/shm
tmpfs           5.0M  8.0K  5.0M   1% /run/lock
tmpfs           1.0M     0  1.0M   0% /run/credentials/systemd-journald.service
tmpfs           1.7G  8.0K  1.7G   1% /tmp
tmpfs           1.0M     0  1.0M   0% /run/credentials/systemd-resolved.service
tmpfs           341M   88K  341M   1% /run/user/1000

=== UPTIME OF VM ===
up 1 hour, 33 minutes
=== MEMORY INFORMATION ===
Mem:           3.3Gi       1.4Gi       435Mi        32Mi       1.7Gi       1.9Gi
=== DISK SPACE INFO ===
Filesystem      Size  Used Avail Use% Mounted on
tmpfs           681M  1.7M  679M   1% /run
/dev/sda2        30G  6.8G   22G  25% /
tmpfs           1.7G     0  1.7G   0% /dev/shm
tmpfs           5.0M  8.0K  5.0M   1% /run/lock
tmpfs           1.0M     0  1.0M   0% /run/credentials/systemd-journald.service
tmpfs           1.7G  8.0K  1.7G   1% /tmp
tmpfs           1.0M     0  1.0M   0% /run/credentials/systemd-resolved.service
tmpfs           341M   88K  341M   1% /run/user/1000

=== UPTIME OF VM ===
up 1 hour, 34 minutes
=== MEMORY INFORMATION ===
Mem:           3.3Gi       1.4Gi       435Mi        32Mi       1.7Gi       1.9Gi
=== DISK SPACE INFO ===
Filesystem      Size  Used Avail Use% Mounted on
tmpfs           681M  1.7M  679M   1% /run
/dev/sda2        30G  6.8G   22G  25% /
tmpfs           1.7G     0  1.7G   0% /dev/shm
tmpfs           5.0M  8.0K  5.0M   1% /run/lock
tmpfs           1.0M     0  1.0M   0% /run/credentials/systemd-journald.service
tmpfs           1.7G  8.0K  1.7G   1% /tmp
tmpfs           1.0M     0  1.0M   0% /run/credentials/systemd-resolved.service
tmpfs           341M   88K  341M   1% /run/user/1000

=== UPTIME OF VM ===
up 1 hour, 35 minutes
=== MEMORY INFORMATION ===
Mem:           3.3Gi       1.4Gi       435Mi        32Mi       1.7Gi       1.9Gi
=== DISK SPACE INFO ===
Filesystem      Size  Used Avail Use% Mounted on
tmpfs           681M  1.7M  679M   1% /run
/dev/sda2        30G  6.8G   22G  25% /
tmpfs           1.7G     0  1.7G   0% /dev/shm
tmpfs           5.0M  8.0K  5.0M   1% /run/lock
tmpfs           1.0M     0  1.0M   0% /run/credentials/systemd-journald.service
tmpfs           1.7G  8.0K  1.7G   1% /tmp
tmpfs           1.0M     0  1.0M   0% /run/credentials/systemd-resolved.service
tmpfs           341M   88K  341M   1% /run/user/1000

=== UPTIME OF VM ===
up 1 hour, 36 minutes
=== MEMORY INFORMATION ===
Mem:           3.3Gi       1.4Gi       435Mi        32Mi       1.7Gi       1.9Gi
=== DISK SPACE INFO ===
Filesystem      Size  Used Avail Use% Mounted on
tmpfs           681M  1.7M  679M   1% /run
/dev/sda2        30G  6.8G   22G  25% /
tmpfs           1.7G     0  1.7G   0% /dev/shm
tmpfs           5.0M  8.0K  5.0M   1% /run/lock
tmpfs           1.0M     0  1.0M   0% /run/credentials/systemd-journald.service
tmpfs           1.7G  8.0K  1.7G   1% /tmp
tmpfs           1.0M     0  1.0M   0% /run/credentials/systemd-resolved.service
tmpfs           341M   88K  341M   1% /run/user/1000

=== UPTIME OF VM ===
up 1 hour, 37 minutes
=== MEMORY INFORMATION ===
Mem:           3.3Gi       1.4Gi       435Mi        32Mi       1.7Gi       1.9Gi
=== DISK SPACE INFO ===
Filesystem      Size  Used Avail Use% Mounted on
tmpfs           681M  1.7M  679M   1% /run
/dev/sda2        30G  6.8G   22G  25% /
tmpfs           1.7G     0  1.7G   0% /dev/shm
tmpfs           5.0M  8.0K  5.0M   1% /run/lock
tmpfs           1.0M     0  1.0M   0% /run/credentials/systemd-journald.service
tmpfs           1.7G  8.0K  1.7G   1% /tmp
tmpfs           1.0M     0  1.0M   0% /run/credentials/systemd-resolved.service
tmpfs           341M   88K  341M   1% /run/user/1000

=== UPTIME OF VM ===
up 1 hour, 38 minutes
=== MEMORY INFORMATION ===
Mem:           3.3Gi       1.4Gi       435Mi        32Mi       1.7Gi       1.9Gi
=== DISK SPACE INFO ===
Filesystem      Size  Used Avail Use% Mounted on
tmpfs           681M  1.7M  679M   1% /run
/dev/sda2        30G  6.8G   22G  25% /
tmpfs           1.7G     0  1.7G   0% /dev/shm
tmpfs           5.0M  8.0K  5.0M   1% /run/lock
tmpfs           1.0M     0  1.0M   0% /run/credentials/systemd-journald.service
tmpfs           1.7G  8.0K  1.7G   1% /tmp
tmpfs           1.0M     0  1.0M   0% /run/credentials/systemd-resolved.service
tmpfs           341M   88K  341M   1% /run/user/1000

=== UPTIME OF VM ===
up 1 hour, 39 minutes
=== MEMORY INFORMATION ===
Mem:           3.3Gi       1.4Gi       435Mi        32Mi       1.7Gi       1.9Gi
=== DISK SPACE INFO ===
Filesystem      Size  Used Avail Use% Mounted on
tmpfs           681M  1.7M  679M   1% /run
/dev/sda2        30G  6.8G   22G  25% /
tmpfs           1.7G     0  1.7G   0% /dev/shm
tmpfs           5.0M  8.0K  5.0M   1% /run/lock
tmpfs           1.0M     0  1.0M   0% /run/credentials/systemd-journald.service
tmpfs           1.7G  8.0K  1.7G   1% /tmp
tmpfs           1.0M     0  1.0M   0% /run/credentials/systemd-resolved.service
tmpfs           341M   88K  341M   1% /run/user/1000

=== UPTIME OF VM ===
up 1 hour, 40 minutes
=== MEMORY INFORMATION ===
Mem:           3.3Gi       1.4Gi       435Mi        32Mi       1.7Gi       1.9Gi
=== DISK SPACE INFO ===
Filesystem      Size  Used Avail Use% Mounted on
tmpfs           681M  1.7M  679M   1% /run
/dev/sda2        30G  6.8G   22G  25% /
tmpfs           1.7G     0  1.7G   0% /dev/shm
tmpfs           5.0M  8.0K  5.0M   1% /run/lock
tmpfs           1.0M     0  1.0M   0% /run/credentials/systemd-journald.service
tmpfs           1.7G  8.0K  1.7G   1% /tmp
tmpfs           1.0M     0  1.0M   0% /run/credentials/systemd-resolved.service
tmpfs           341M   88K  341M   1% /run/user/1000

=== UPTIME OF VM ===
up 1 hour, 41 minutes
=== MEMORY INFORMATION ===
Mem:           3.3Gi       1.4Gi       435Mi        32Mi       1.7Gi       1.9Gi
=== DISK SPACE INFO ===
Filesystem      Size  Used Avail Use% Mounted on
tmpfs           681M  1.7M  679M   1% /run
/dev/sda2        30G  6.8G   22G  25% /
tmpfs           1.7G     0  1.7G   0% /dev/shm
tmpfs           5.0M  8.0K  5.0M   1% /run/lock
tmpfs           1.0M     0  1.0M   0% /run/credentials/systemd-journald.service
tmpfs           1.7G  8.0K  1.7G   1% /tmp
tmpfs           1.0M     0  1.0M   0% /run/credentials/systemd-resolved.service
tmpfs           341M   88K  341M   1% /run/user/1000

=== UPTIME OF VM ===
up 1 hour, 42 minutes
=== MEMORY INFORMATION ===
Mem:           3.3Gi       1.4Gi       435Mi        32Mi       1.7Gi       1.9Gi
=== DISK SPACE INFO ===
Filesystem      Size  Used Avail Use% Mounted on
tmpfs           681M  1.7M  679M   1% /run
/dev/sda2        30G  6.8G   22G  25% /
tmpfs           1.7G     0  1.7G   0% /dev/shm
tmpfs           5.0M  8.0K  5.0M   1% /run/lock
tmpfs           1.0M     0  1.0M   0% /run/credentials/systemd-journald.service
tmpfs           1.7G  8.0K  1.7G   1% /tmp
tmpfs           1.0M     0  1.0M   0% /run/credentials/systemd-resolved.service
tmpfs           341M   88K  341M   1% /run/user/1000

=== UPTIME OF VM ===
up 1 hour, 43 minutes
=== MEMORY INFORMATION ===
Mem:           3.3Gi       1.4Gi       435Mi        32Mi       1.7Gi       1.9Gi
=== DISK SPACE INFO ===
Filesystem      Size  Used Avail Use% Mounted on
tmpfs           681M  1.7M  679M   1% /run
/dev/sda2        30G  6.8G   22G  25% /
tmpfs           1.7G     0  1.7G   0% /dev/shm
tmpfs           5.0M  8.0K  5.0M   1% /run/lock
tmpfs           1.0M     0  1.0M   0% /run/credentials/systemd-journald.service
tmpfs           1.7G  8.0K  1.7G   1% /tmp
tmpfs           1.0M     0  1.0M   0% /run/credentials/systemd-resolved.service
tmpfs           341M   88K  341M   1% /run/user/1000

=== UPTIME OF VM ===
up 1 hour, 44 minutes
=== MEMORY INFORMATION ===
Mem:           3.3Gi       1.4Gi       435Mi        32Mi       1.7Gi       1.9Gi
=== DISK SPACE INFO ===
Filesystem      Size  Used Avail Use% Mounted on
tmpfs           681M  1.7M  679M   1% /run
/dev/sda2        30G  6.8G   22G  25% /
tmpfs           1.7G     0  1.7G   0% /dev/shm
tmpfs           5.0M  8.0K  5.0M   1% /run/lock
tmpfs           1.0M     0  1.0M   0% /run/credentials/systemd-journald.service
tmpfs           1.7G  8.0K  1.7G   1% /tmp
tmpfs           1.0M     0  1.0M   0% /run/credentials/systemd-resolved.service
tmpfs           341M   88K  341M   1% /run/user/1000

=== UPTIME OF VM ===
up 1 hour, 45 minutes
=== MEMORY INFORMATION ===
Mem:           3.3Gi       1.4Gi       435Mi        32Mi       1.7Gi       1.9Gi
=== DISK SPACE INFO ===
Filesystem      Size  Used Avail Use% Mounted on
tmpfs           681M  1.7M  679M   1% /run
/dev/sda2        30G  6.8G   22G  25% /
tmpfs           1.7G     0  1.7G   0% /dev/shm
tmpfs           5.0M  8.0K  5.0M   1% /run/lock
tmpfs           1.0M     0  1.0M   0% /run/credentials/systemd-journald.service
tmpfs           1.7G  8.0K  1.7G   1% /tmp
tmpfs           1.0M     0  1.0M   0% /run/credentials/systemd-resolved.service
tmpfs           341M   88K  341M   1% /run/user/1000

=== UPTIME OF VM ===
up 1 hour, 46 minutes
=== MEMORY INFORMATION ===
Mem:           3.3Gi       1.4Gi       435Mi        32Mi       1.7Gi       1.9Gi
=== DISK SPACE INFO ===
Filesystem      Size  Used Avail Use% Mounted on
tmpfs           681M  1.7M  679M   1% /run
/dev/sda2        30G  6.8G   22G  25% /
tmpfs           1.7G     0  1.7G   0% /dev/shm
tmpfs           5.0M  8.0K  5.0M   1% /run/lock
tmpfs           1.0M     0  1.0M   0% /run/credentials/systemd-journald.service
tmpfs           1.7G  8.0K  1.7G   1% /tmp
tmpfs           1.0M     0  1.0M   0% /run/credentials/systemd-resolved.service
tmpfs           341M   88K  341M   1% /run/user/1000

=== UPTIME OF VM ===
up 1 hour, 47 minutes
=== MEMORY INFORMATION ===
Mem:           3.3Gi       1.4Gi       435Mi        32Mi       1.7Gi       1.9Gi
=== DISK SPACE INFO ===
Filesystem      Size  Used Avail Use% Mounted on
tmpfs           681M  1.7M  679M   1% /run
/dev/sda2        30G  6.8G   22G  25% /
tmpfs           1.7G     0  1.7G   0% /dev/shm
tmpfs           5.0M  8.0K  5.0M   1% /run/lock
tmpfs           1.0M     0  1.0M   0% /run/credentials/systemd-journald.service
tmpfs           1.7G  8.0K  1.7G   1% /tmp
tmpfs           1.0M     0  1.0M   0% /run/credentials/systemd-resolved.service
tmpfs           341M   88K  341M   1% /run/user/1000

=== UPTIME OF VM ===
up 1 hour, 48 minutes
=== MEMORY INFORMATION ===
Mem:           3.3Gi       1.4Gi       435Mi        32Mi       1.7Gi       1.9Gi
=== DISK SPACE INFO ===
Filesystem      Size  Used Avail Use% Mounted on
tmpfs           681M  1.7M  679M   1% /run
/dev/sda2        30G  6.8G   22G  25% /
tmpfs           1.7G     0  1.7G   0% /dev/shm
tmpfs           5.0M  8.0K  5.0M   1% /run/lock
tmpfs           1.0M     0  1.0M   0% /run/credentials/systemd-journald.service
tmpfs           1.7G  8.0K  1.7G   1% /tmp
tmpfs           1.0M     0  1.0M   0% /run/credentials/systemd-resolved.service
tmpfs           341M   88K  341M   1% /run/user/1000

=== UPTIME OF VM ===
up 1 hour, 49 minutes
=== MEMORY INFORMATION ===
Mem:           3.3Gi       1.4Gi       435Mi        32Mi       1.7Gi       1.9Gi
=== DISK SPACE INFO ===
Filesystem      Size  Used Avail Use% Mounted on
tmpfs           681M  1.7M  679M   1% /run
/dev/sda2        30G  6.8G   22G  25% /
tmpfs           1.7G     0  1.7G   0% /dev/shm
tmpfs           5.0M  8.0K  5.0M   1% /run/lock
tmpfs           1.0M     0  1.0M   0% /run/credentials/systemd-journald.service
tmpfs           1.7G  8.0K  1.7G   1% /tmp
tmpfs           1.0M     0  1.0M   0% /run/credentials/systemd-resolved.service
tmpfs           341M   88K  341M   1% /run/user/1000

=== UPTIME OF VM ===
up 1 hour, 50 minutes
=== MEMORY INFORMATION ===
Mem:           3.3Gi       1.4Gi       435Mi        32Mi       1.7Gi       1.9Gi
=== DISK SPACE INFO ===
Filesystem      Size  Used Avail Use% Mounted on
tmpfs           681M  1.7M  679M   1% /run
/dev/sda2        30G  6.8G   22G  25% /
tmpfs           1.7G     0  1.7G   0% /dev/shm
tmpfs           5.0M  8.0K  5.0M   1% /run/lock
tmpfs           1.0M     0  1.0M   0% /run/credentials/systemd-journald.service
tmpfs           1.7G  8.0K  1.7G   1% /tmp
tmpfs           1.0M     0  1.0M   0% /run/credentials/systemd-resolved.service
tmpfs           341M   88K  341M   1% /run/user/1000

=== UPTIME OF VM ===
up 1 hour, 51 minutes
=== MEMORY INFORMATION ===
Mem:           3.3Gi       1.4Gi       435Mi        32Mi       1.7Gi       1.9Gi
=== DISK SPACE INFO ===
Filesystem      Size  Used Avail Use% Mounted on
tmpfs           681M  1.7M  679M   1% /run
/dev/sda2        30G  6.8G   22G  25% /
tmpfs           1.7G     0  1.7G   0% /dev/shm
tmpfs           5.0M  8.0K  5.0M   1% /run/lock
tmpfs           1.0M     0  1.0M   0% /run/credentials/systemd-journald.service
tmpfs           1.7G  8.0K  1.7G   1% /tmp
tmpfs           1.0M     0  1.0M   0% /run/credentials/systemd-resolved.service
tmpfs           341M   88K  341M   1% /run/user/1000

=== UPTIME OF VM ===
up 1 hour, 52 minutes
=== MEMORY INFORMATION ===
Mem:           3.3Gi       1.4Gi       435Mi        32Mi       1.7Gi       1.9Gi
=== DISK SPACE INFO ===
Filesystem      Size  Used Avail Use% Mounted on
tmpfs           681M  1.7M  679M   1% /run
/dev/sda2        30G  6.8G   22G  25% /
tmpfs           1.7G     0  1.7G   0% /dev/shm
tmpfs           5.0M  8.0K  5.0M   1% /run/lock
tmpfs           1.0M     0  1.0M   0% /run/credentials/systemd-journald.service
tmpfs           1.7G  8.0K  1.7G   1% /tmp
tmpfs           1.0M     0  1.0M   0% /run/credentials/systemd-resolved.service
tmpfs           341M   88K  341M   1% /run/user/1000

=== UPTIME OF VM ===
up 1 hour, 53 minutes
=== MEMORY INFORMATION ===
Mem:           3.3Gi       1.4Gi       435Mi        32Mi       1.7Gi       1.9Gi
=== DISK SPACE INFO ===
Filesystem      Size  Used Avail Use% Mounted on
tmpfs           681M  1.7M  679M   1% /run
/dev/sda2        30G  6.8G   22G  25% /
tmpfs           1.7G     0  1.7G   0% /dev/shm
tmpfs           5.0M  8.0K  5.0M   1% /run/lock
tmpfs           1.0M     0  1.0M   0% /run/credentials/systemd-journald.service
tmpfs           1.7G  8.0K  1.7G   1% /tmp
tmpfs           1.0M     0  1.0M   0% /run/credentials/systemd-resolved.service
tmpfs           341M   88K  341M   1% /run/user/1000

=== UPTIME OF VM ===
up 1 hour, 54 minutes
=== MEMORY INFORMATION ===
Mem:           3.3Gi       1.4Gi       435Mi        32Mi       1.7Gi       1.9Gi
=== DISK SPACE INFO ===
Filesystem      Size  Used Avail Use% Mounted on
tmpfs           681M  1.7M  679M   1% /run
/dev/sda2        30G  6.8G   22G  25% /
tmpfs           1.7G     0  1.7G   0% /dev/shm
tmpfs           5.0M  8.0K  5.0M   1% /run/lock
tmpfs           1.0M     0  1.0M   0% /run/credentials/systemd-journald.service
tmpfs           1.7G  8.0K  1.7G   1% /tmp
tmpfs           1.0M     0  1.0M   0% /run/credentials/systemd-resolved.service
tmpfs           341M   88K  341M   1% /run/user/1000

=== UPTIME OF VM ===
up 1 hour, 55 minutes
=== MEMORY INFORMATION ===
Mem:           3.3Gi       1.4Gi       435Mi        32Mi       1.7Gi       1.9Gi
=== DISK SPACE INFO ===
Filesystem      Size  Used Avail Use% Mounted on
tmpfs           681M  1.7M  679M   1% /run
/dev/sda2        30G  6.8G   22G  25% /
tmpfs           1.7G     0  1.7G   0% /dev/shm
tmpfs           5.0M  8.0K  5.0M   1% /run/lock
tmpfs           1.0M     0  1.0M   0% /run/credentials/systemd-journald.service
tmpfs           1.7G  8.0K  1.7G   1% /tmp
tmpfs           1.0M     0  1.0M   0% /run/credentials/systemd-resolved.service
tmpfs           341M   88K  341M   1% /run/user/1000

=== UPTIME OF VM ===
up 1 hour, 56 minutes
=== MEMORY INFORMATION ===
Mem:           3.3Gi       1.4Gi       435Mi        32Mi       1.7Gi       1.9Gi
=== DISK SPACE INFO ===
Filesystem      Size  Used Avail Use% Mounted on
tmpfs           681M  1.7M  679M   1% /run
/dev/sda2        30G  6.8G   22G  25% /
tmpfs           1.7G     0  1.7G   0% /dev/shm
tmpfs           5.0M  8.0K  5.0M   1% /run/lock
tmpfs           1.0M     0  1.0M   0% /run/credentials/systemd-journald.service
tmpfs           1.7G  8.0K  1.7G   1% /tmp
tmpfs           1.0M     0  1.0M   0% /run/credentials/systemd-resolved.service
tmpfs           341M   88K  341M   1% /run/user/1000

=== UPTIME OF VM ===
up 1 hour, 57 minutes
=== MEMORY INFORMATION ===
Mem:           3.3Gi       1.4Gi       435Mi        32Mi       1.7Gi       1.9Gi
=== DISK SPACE INFO ===
Filesystem      Size  Used Avail Use% Mounted on
tmpfs           681M  1.7M  679M   1% /run
/dev/sda2        30G  6.8G   22G  25% /
tmpfs           1.7G     0  1.7G   0% /dev/shm
tmpfs           5.0M  8.0K  5.0M   1% /run/lock
tmpfs           1.0M     0  1.0M   0% /run/credentials/systemd-journald.service
tmpfs           1.7G  8.0K  1.7G   1% /tmp
tmpfs           1.0M     0  1.0M   0% /run/credentials/systemd-resolved.service
tmpfs           341M   88K  341M   1% /run/user/1000

=== UPTIME OF VM ===
up 1 hour, 58 minutes
=== MEMORY INFORMATION ===
Mem:           3.3Gi       1.4Gi       435Mi        32Mi       1.7Gi       1.9Gi
=== DISK SPACE INFO ===
Filesystem      Size  Used Avail Use% Mounted on
tmpfs           681M  1.7M  679M   1% /run
/dev/sda2        30G  6.8G   22G  25% /
tmpfs           1.7G     0  1.7G   0% /dev/shm
tmpfs           5.0M  8.0K  5.0M   1% /run/lock
tmpfs           1.0M     0  1.0M   0% /run/credentials/systemd-journald.service
tmpfs           1.7G  8.0K  1.7G   1% /tmp
tmpfs           1.0M     0  1.0M   0% /run/credentials/systemd-resolved.service
tmpfs           341M   88K  341M   1% /run/user/1000

=== UPTIME OF VM ===
up 1 hour, 59 minutes
=== MEMORY INFORMATION ===
Mem:           3.3Gi       1.4Gi       435Mi        32Mi       1.7Gi       1.9Gi
=== DISK SPACE INFO ===
Filesystem      Size  Used Avail Use% Mounted on
tmpfs           681M  1.7M  679M   1% /run
/dev/sda2        30G  6.8G   22G  25% /
tmpfs           1.7G     0  1.7G   0% /dev/shm
tmpfs           5.0M  8.0K  5.0M   1% /run/lock
tmpfs           1.0M     0  1.0M   0% /run/credentials/systemd-journald.service
tmpfs           1.7G  8.0K  1.7G   1% /tmp
tmpfs           1.0M     0  1.0M   0% /run/credentials/systemd-resolved.service
tmpfs           341M   88K  341M   1% /run/user/1000

=== UPTIME OF VM ===
up 2 hours, 0 minutes
=== MEMORY INFORMATION ===
Mem:           3.3Gi       1.4Gi       435Mi        32Mi       1.7Gi       1.9Gi
=== DISK SPACE INFO ===
Filesystem      Size  Used Avail Use% Mounted on
tmpfs           681M  1.7M  679M   1% /run
/dev/sda2        30G  6.8G   22G  25% /
tmpfs           1.7G     0  1.7G   0% /dev/shm
tmpfs           5.0M  8.0K  5.0M   1% /run/lock
tmpfs           1.0M     0  1.0M   0% /run/credentials/systemd-journald.service
tmpfs           1.7G  8.0K  1.7G   1% /tmp
tmpfs           1.0M     0  1.0M   0% /run/credentials/systemd-resolved.service
tmpfs           341M   88K  341M   1% /run/user/1000

=== UPTIME OF VM ===
up 2 hours, 1 minute
=== MEMORY INFORMATION ===
Mem:           3.3Gi       1.4Gi       435Mi        32Mi       1.7Gi       1.9Gi
=== DISK SPACE INFO ===
Filesystem      Size  Used Avail Use% Mounted on
tmpfs           681M  1.7M  679M   1% /run
/dev/sda2        30G  6.8G   22G  25% /
tmpfs           1.7G     0  1.7G   0% /dev/shm
tmpfs           5.0M  8.0K  5.0M   1% /run/lock
tmpfs           1.0M     0  1.0M   0% /run/credentials/systemd-journald.service
tmpfs           1.7G  8.0K  1.7G   1% /tmp
tmpfs           1.0M     0  1.0M   0% /run/credentials/systemd-resolved.service
tmpfs           341M   88K  341M   1% /run/user/1000

=== UPTIME OF VM ===
up 2 hours, 2 minutes
=== MEMORY INFORMATION ===
Mem:           3.3Gi       1.4Gi       435Mi        32Mi       1.7Gi       1.9Gi
=== DISK SPACE INFO ===
Filesystem      Size  Used Avail Use% Mounted on
tmpfs           681M  1.7M  679M   1% /run
/dev/sda2        30G  6.8G   22G  25% /
tmpfs           1.7G     0  1.7G   0% /dev/shm
tmpfs           5.0M  8.0K  5.0M   1% /run/lock
tmpfs           1.0M     0  1.0M   0% /run/credentials/systemd-journald.service
tmpfs           1.7G  8.0K  1.7G   1% /tmp
tmpfs           1.0M     0  1.0M   0% /run/credentials/systemd-resolved.service
tmpfs           341M   88K  341M   1% /run/user/1000

=== UPTIME OF VM ===
up 2 hours, 3 minutes
=== MEMORY INFORMATION ===
Mem:           3.3Gi       1.4Gi       435Mi        32Mi       1.7Gi       1.9Gi
=== DISK SPACE INFO ===
Filesystem      Size  Used Avail Use% Mounted on
tmpfs           681M  1.7M  679M   1% /run
/dev/sda2        30G  6.8G   22G  25% /
tmpfs           1.7G     0  1.7G   0% /dev/shm
tmpfs           5.0M  8.0K  5.0M   1% /run/lock
tmpfs           1.0M     0  1.0M   0% /run/credentials/systemd-journald.service
tmpfs           1.7G  8.0K  1.7G   1% /tmp
tmpfs           1.0M     0  1.0M   0% /run/credentials/systemd-resolved.service
tmpfs           341M   88K  341M   1% /run/user/1000

=== UPTIME OF VM ===
up 2 hours, 4 minutes
=== MEMORY INFORMATION ===
Mem:           3.3Gi       1.4Gi       435Mi        32Mi       1.7Gi       1.9Gi
=== DISK SPACE INFO ===
Filesystem      Size  Used Avail Use% Mounted on
tmpfs           681M  1.7M  679M   1% /run
/dev/sda2        30G  6.8G   22G  25% /
tmpfs           1.7G     0  1.7G   0% /dev/shm
tmpfs           5.0M  8.0K  5.0M   1% /run/lock
tmpfs           1.0M     0  1.0M   0% /run/credentials/systemd-journald.service
tmpfs           1.7G  8.0K  1.7G   1% /tmp
tmpfs           1.0M     0  1.0M   0% /run/credentials/systemd-resolved.service
tmpfs           341M   88K  341M   1% /run/user/1000

=== UPTIME OF VM ===
up 2 hours, 5 minutes
=== MEMORY INFORMATION ===
Mem:           3.3Gi       1.4Gi       435Mi        32Mi       1.7Gi       1.9Gi
=== DISK SPACE INFO ===
Filesystem      Size  Used Avail Use% Mounted on
tmpfs           681M  1.7M  679M   1% /run
/dev/sda2        30G  6.8G   22G  25% /
tmpfs           1.7G     0  1.7G   0% /dev/shm
tmpfs           5.0M  8.0K  5.0M   1% /run/lock
tmpfs           1.0M     0  1.0M   0% /run/credentials/systemd-journald.service
tmpfs           1.7G  8.0K  1.7G   1% /tmp
tmpfs           1.0M     0  1.0M   0% /run/credentials/systemd-resolved.service
tmpfs           341M   88K  341M   1% /run/user/1000

=== UPTIME OF VM ===
up 2 hours, 6 minutes
=== MEMORY INFORMATION ===
Mem:           3.3Gi       1.4Gi       435Mi        32Mi       1.7Gi       1.9Gi
=== DISK SPACE INFO ===
Filesystem      Size  Used Avail Use% Mounted on
tmpfs           681M  1.7M  679M   1% /run
/dev/sda2        30G  6.8G   22G  25% /
tmpfs           1.7G     0  1.7G   0% /dev/shm
tmpfs           5.0M  8.0K  5.0M   1% /run/lock
tmpfs           1.0M     0  1.0M   0% /run/credentials/systemd-journald.service
tmpfs           1.7G  8.0K  1.7G   1% /tmp
tmpfs           1.0M     0  1.0M   0% /run/credentials/systemd-resolved.service
tmpfs           341M   88K  341M   1% /run/user/1000

=== UPTIME OF VM ===
up 2 hours, 7 minutes
=== MEMORY INFORMATION ===
Mem:           3.3Gi       1.4Gi       435Mi        32Mi       1.7Gi       1.9Gi
=== DISK SPACE INFO ===
Filesystem      Size  Used Avail Use% Mounted on
tmpfs           681M  1.7M  679M   1% /run
/dev/sda2        30G  6.8G   22G  25% /
tmpfs           1.7G     0  1.7G   0% /dev/shm
tmpfs           5.0M  8.0K  5.0M   1% /run/lock
tmpfs           1.0M     0  1.0M   0% /run/credentials/systemd-journald.service
tmpfs           1.7G  8.0K  1.7G   1% /tmp
tmpfs           1.0M     0  1.0M   0% /run/credentials/systemd-resolved.service
tmpfs           341M   88K  341M   1% /run/user/1000

=== UPTIME OF VM ===
up 2 hours, 8 minutes
=== MEMORY INFORMATION ===
Mem:           3.3Gi       1.4Gi       435Mi        32Mi       1.7Gi       1.9Gi
=== DISK SPACE INFO ===
Filesystem      Size  Used Avail Use% Mounted on
tmpfs           681M  1.7M  679M   1% /run
/dev/sda2        30G  6.8G   22G  25% /
tmpfs           1.7G     0  1.7G   0% /dev/shm
tmpfs           5.0M  8.0K  5.0M   1% /run/lock
tmpfs           1.0M     0  1.0M   0% /run/credentials/systemd-journald.service
tmpfs           1.7G  8.0K  1.7G   1% /tmp
tmpfs           1.0M     0  1.0M   0% /run/credentials/systemd-resolved.service
tmpfs           341M   88K  341M   1% /run/user/1000

=== UPTIME OF VM ===
up 2 hours, 9 minutes
=== MEMORY INFORMATION ===
Mem:           3.3Gi       1.4Gi       435Mi        32Mi       1.7Gi       1.9Gi
=== DISK SPACE INFO ===
Filesystem      Size  Used Avail Use% Mounted on
tmpfs           681M  1.7M  679M   1% /run
/dev/sda2        30G  6.8G   22G  25% /
tmpfs           1.7G     0  1.7G   0% /dev/shm
tmpfs           5.0M  8.0K  5.0M   1% /run/lock
tmpfs           1.0M     0  1.0M   0% /run/credentials/systemd-journald.service
tmpfs           1.7G  8.0K  1.7G   1% /tmp
tmpfs           1.0M     0  1.0M   0% /run/credentials/systemd-resolved.service
tmpfs           341M   88K  341M   1% /run/user/1000

=== UPTIME OF VM ===
up 2 hours, 10 minutes
=== MEMORY INFORMATION ===
Mem:           3.3Gi       1.4Gi       435Mi        32Mi       1.7Gi       1.9Gi
=== DISK SPACE INFO ===
Filesystem      Size  Used Avail Use% Mounted on
tmpfs           681M  1.7M  679M   1% /run
/dev/sda2        30G  6.8G   22G  25% /
tmpfs           1.7G     0  1.7G   0% /dev/shm
tmpfs           5.0M  8.0K  5.0M   1% /run/lock
tmpfs           1.0M     0  1.0M   0% /run/credentials/systemd-journald.service
tmpfs           1.7G  8.0K  1.7G   1% /tmp
tmpfs           1.0M     0  1.0M   0% /run/credentials/systemd-resolved.service
tmpfs           341M   88K  341M   1% /run/user/1000

=== UPTIME OF VM ===
up 2 hours, 11 minutes
=== MEMORY INFORMATION ===
Mem:           3.3Gi       1.4Gi       435Mi        32Mi       1.7Gi       1.9Gi
=== DISK SPACE INFO ===
Filesystem      Size  Used Avail Use% Mounted on
tmpfs           681M  1.7M  679M   1% /run
/dev/sda2        30G  6.8G   22G  25% /
tmpfs           1.7G     0  1.7G   0% /dev/shm
tmpfs           5.0M  8.0K  5.0M   1% /run/lock
tmpfs           1.0M     0  1.0M   0% /run/credentials/systemd-journald.service
tmpfs           1.7G  8.0K  1.7G   1% /tmp
tmpfs           1.0M     0  1.0M   0% /run/credentials/systemd-resolved.service
tmpfs           341M   88K  341M   1% /run/user/1000

=== UPTIME OF VM ===
up 2 hours, 12 minutes
=== MEMORY INFORMATION ===
Mem:           3.3Gi       1.4Gi       435Mi        32Mi       1.7Gi       1.9Gi
=== DISK SPACE INFO ===
Filesystem      Size  Used Avail Use% Mounted on
tmpfs           681M  1.7M  679M   1% /run
/dev/sda2        30G  6.8G   22G  25% /
tmpfs           1.7G     0  1.7G   0% /dev/shm
tmpfs           5.0M  8.0K  5.0M   1% /run/lock
tmpfs           1.0M     0  1.0M   0% /run/credentials/systemd-journald.service
tmpfs           1.7G  8.0K  1.7G   1% /tmp
tmpfs           1.0M     0  1.0M   0% /run/credentials/systemd-resolved.service
tmpfs           341M   88K  341M   1% /run/user/1000

=== UPTIME OF VM ===
up 2 hours, 13 minutes
=== MEMORY INFORMATION ===
Mem:           3.3Gi       1.4Gi       435Mi        32Mi       1.7Gi       1.9Gi
=== DISK SPACE INFO ===
Filesystem      Size  Used Avail Use% Mounted on
tmpfs           681M  1.7M  679M   1% /run
/dev/sda2        30G  6.8G   22G  25% /
tmpfs           1.7G     0  1.7G   0% /dev/shm
tmpfs           5.0M  8.0K  5.0M   1% /run/lock
tmpfs           1.0M     0  1.0M   0% /run/credentials/systemd-journald.service
tmpfs           1.7G  8.0K  1.7G   1% /tmp
tmpfs           1.0M     0  1.0M   0% /run/credentials/systemd-resolved.service
tmpfs           341M   88K  341M   1% /run/user/1000

=== UPTIME OF VM ===
up 2 hours, 14 minutes
=== MEMORY INFORMATION ===
Mem:           3.3Gi       1.4Gi       435Mi        32Mi       1.7Gi       1.9Gi
=== DISK SPACE INFO ===
Filesystem      Size  Used Avail Use% Mounted on
tmpfs           681M  1.7M  679M   1% /run
/dev/sda2        30G  6.8G   22G  25% /
tmpfs           1.7G     0  1.7G   0% /dev/shm
tmpfs           5.0M  8.0K  5.0M   1% /run/lock
tmpfs           1.0M     0  1.0M   0% /run/credentials/systemd-journald.service
tmpfs           1.7G  8.0K  1.7G   1% /tmp
tmpfs           1.0M     0  1.0M   0% /run/credentials/systemd-resolved.service
tmpfs           341M   88K  341M   1% /run/user/1000

=== UPTIME OF VM ===
up 2 hours, 15 minutes
=== MEMORY INFORMATION ===
Mem:           3.3Gi       1.4Gi       435Mi        32Mi       1.7Gi       1.9Gi
=== DISK SPACE INFO ===
Filesystem      Size  Used Avail Use% Mounted on
tmpfs           681M  1.7M  679M   1% /run
/dev/sda2        30G  6.8G   22G  25% /
tmpfs           1.7G     0  1.7G   0% /dev/shm
tmpfs           5.0M  8.0K  5.0M   1% /run/lock
tmpfs           1.0M     0  1.0M   0% /run/credentials/systemd-journald.service
tmpfs           1.7G  8.0K  1.7G   1% /tmp
tmpfs           1.0M     0  1.0M   0% /run/credentials/systemd-resolved.service
tmpfs           341M   88K  341M   1% /run/user/1000

=== UPTIME OF VM ===
up 2 hours, 16 minutes
=== MEMORY INFORMATION ===
Mem:           3.3Gi       1.4Gi       435Mi        32Mi       1.7Gi       1.9Gi
=== DISK SPACE INFO ===
Filesystem      Size  Used Avail Use% Mounted on
tmpfs           681M  1.7M  679M   1% /run
/dev/sda2        30G  6.8G   22G  25% /
tmpfs           1.7G     0  1.7G   0% /dev/shm
tmpfs           5.0M  8.0K  5.0M   1% /run/lock
tmpfs           1.0M     0  1.0M   0% /run/credentials/systemd-journald.service
tmpfs           1.7G  8.0K  1.7G   1% /tmp
tmpfs           1.0M     0  1.0M   0% /run/credentials/systemd-resolved.service
tmpfs           341M   88K  341M   1% /run/user/1000

=== UPTIME OF VM ===
up 2 hours, 17 minutes
=== MEMORY INFORMATION ===
Mem:           3.3Gi       1.4Gi       435Mi        32Mi       1.7Gi       1.9Gi
=== DISK SPACE INFO ===
Filesystem      Size  Used Avail Use% Mounted on
tmpfs           681M  1.7M  679M   1% /run
/dev/sda2        30G  6.8G   22G  25% /
tmpfs           1.7G     0  1.7G   0% /dev/shm
tmpfs           5.0M  8.0K  5.0M   1% /run/lock
tmpfs           1.0M     0  1.0M   0% /run/credentials/systemd-journald.service
tmpfs           1.7G  8.0K  1.7G   1% /tmp
tmpfs           1.0M     0  1.0M   0% /run/credentials/systemd-resolved.service
tmpfs           341M   88K  341M   1% /run/user/1000

=== UPTIME OF VM ===
up 2 hours, 18 minutes
=== MEMORY INFORMATION ===
Mem:           3.3Gi       1.4Gi       435Mi        32Mi       1.7Gi       1.9Gi
=== DISK SPACE INFO ===
Filesystem      Size  Used Avail Use% Mounted on
tmpfs           681M  1.7M  679M   1% /run
/dev/sda2        30G  6.8G   22G  25% /
tmpfs           1.7G     0  1.7G   0% /dev/shm
tmpfs           5.0M  8.0K  5.0M   1% /run/lock
tmpfs           1.0M     0  1.0M   0% /run/credentials/systemd-journald.service
tmpfs           1.7G  8.0K  1.7G   1% /tmp
tmpfs           1.0M     0  1.0M   0% /run/credentials/systemd-resolved.service
tmpfs           341M   88K  341M   1% /run/user/1000

=== UPTIME OF VM ===
up 2 hours, 19 minutes
=== MEMORY INFORMATION ===
Mem:           3.3Gi       1.4Gi       435Mi        32Mi       1.7Gi       1.9Gi
=== DISK SPACE INFO ===
Filesystem      Size  Used Avail Use% Mounted on
tmpfs           681M  1.7M  679M   1% /run
/dev/sda2        30G  6.8G   22G  25% /
tmpfs           1.7G     0  1.7G   0% /dev/shm
tmpfs           5.0M  8.0K  5.0M   1% /run/lock
tmpfs           1.0M     0  1.0M   0% /run/credentials/systemd-journald.service
tmpfs           1.7G  8.0K  1.7G   1% /tmp
tmpfs           1.0M     0  1.0M   0% /run/credentials/systemd-resolved.service
tmpfs           341M   88K  341M   1% /run/user/1000

=== UPTIME OF VM ===
up 2 hours, 20 minutes
=== MEMORY INFORMATION ===
Mem:           3.3Gi       1.4Gi       435Mi        32Mi       1.7Gi       1.9Gi
=== DISK SPACE INFO ===
Filesystem      Size  Used Avail Use% Mounted on
tmpfs           681M  1.7M  679M   1% /run
/dev/sda2        30G  6.8G   22G  25% /
tmpfs           1.7G     0  1.7G   0% /dev/shm
tmpfs           5.0M  8.0K  5.0M   1% /run/lock
tmpfs           1.0M     0  1.0M   0% /run/credentials/systemd-journald.service
tmpfs           1.7G  8.0K  1.7G   1% /tmp
tmpfs           1.0M     0  1.0M   0% /run/credentials/systemd-resolved.service
tmpfs           341M   88K  341M   1% /run/user/1000

=== UPTIME OF VM ===
up 2 hours, 21 minutes
=== MEMORY INFORMATION ===
Mem:           3.3Gi       1.4Gi       435Mi        32Mi       1.7Gi       1.9Gi
=== DISK SPACE INFO ===
Filesystem      Size  Used Avail Use% Mounted on
tmpfs           681M  1.7M  679M   1% /run
/dev/sda2        30G  6.8G   22G  25% /
tmpfs           1.7G     0  1.7G   0% /dev/shm
tmpfs           5.0M  8.0K  5.0M   1% /run/lock
tmpfs           1.0M     0  1.0M   0% /run/credentials/systemd-journald.service
tmpfs           1.7G  8.0K  1.7G   1% /tmp
tmpfs           1.0M     0  1.0M   0% /run/credentials/systemd-resolved.service
tmpfs           341M   88K  341M   1% /run/user/1000

=== UPTIME OF VM ===
up 2 hours, 22 minutes
=== MEMORY INFORMATION ===
Mem:           3.3Gi       1.4Gi       435Mi        32Mi       1.7Gi       1.9Gi
=== DISK SPACE INFO ===
Filesystem      Size  Used Avail Use% Mounted on
tmpfs           681M  1.7M  679M   1% /run
/dev/sda2        30G  6.8G   22G  25% /
tmpfs           1.7G     0  1.7G   0% /dev/shm
tmpfs           5.0M  8.0K  5.0M   1% /run/lock
tmpfs           1.0M     0  1.0M   0% /run/credentials/systemd-journald.service
tmpfs           1.7G  8.0K  1.7G   1% /tmp
tmpfs           1.0M     0  1.0M   0% /run/credentials/systemd-resolved.service
tmpfs           341M   88K  341M   1% /run/user/1000

=== UPTIME OF VM ===
up 2 hours, 23 minutes
=== MEMORY INFORMATION ===
Mem:           3.3Gi       1.4Gi       435Mi        32Mi       1.7Gi       1.9Gi
=== DISK SPACE INFO ===
Filesystem      Size  Used Avail Use% Mounted on
tmpfs           681M  1.7M  679M   1% /run
/dev/sda2        30G  6.8G   22G  25% /
tmpfs           1.7G     0  1.7G   0% /dev/shm
tmpfs           5.0M  8.0K  5.0M   1% /run/lock
tmpfs           1.0M     0  1.0M   0% /run/credentials/systemd-journald.service
tmpfs           1.7G  8.0K  1.7G   1% /tmp
tmpfs           1.0M     0  1.0M   0% /run/credentials/systemd-resolved.service
tmpfs           341M   88K  341M   1% /run/user/1000

=== UPTIME OF VM ===
up 2 hours, 24 minutes
=== MEMORY INFORMATION ===
Mem:           3.3Gi       1.4Gi       435Mi        32Mi       1.7Gi       1.9Gi
=== DISK SPACE INFO ===
Filesystem      Size  Used Avail Use% Mounted on
tmpfs           681M  1.7M  679M   1% /run
/dev/sda2        30G  6.8G   22G  25% /
tmpfs           1.7G     0  1.7G   0% /dev/shm
tmpfs           5.0M  8.0K  5.0M   1% /run/lock
tmpfs           1.0M     0  1.0M   0% /run/credentials/systemd-journald.service
tmpfs           1.7G  8.0K  1.7G   1% /tmp
tmpfs           1.0M     0  1.0M   0% /run/credentials/systemd-resolved.service
tmpfs           341M   88K  341M   1% /run/user/1000

=== UPTIME OF VM ===
up 2 hours, 25 minutes
=== MEMORY INFORMATION ===
Mem:           3.3Gi       1.4Gi       435Mi        32Mi       1.7Gi       1.9Gi
=== DISK SPACE INFO ===
Filesystem      Size  Used Avail Use% Mounted on
tmpfs           681M  1.7M  679M   1% /run
/dev/sda2        30G  6.8G   22G  25% /
tmpfs           1.7G     0  1.7G   0% /dev/shm
tmpfs           5.0M  8.0K  5.0M   1% /run/lock
tmpfs           1.0M     0  1.0M   0% /run/credentials/systemd-journald.service
tmpfs           1.7G  8.0K  1.7G   1% /tmp
tmpfs           1.0M     0  1.0M   0% /run/credentials/systemd-resolved.service
tmpfs           341M   88K  341M   1% /run/user/1000

=== UPTIME OF VM ===
up 2 hours, 26 minutes
=== MEMORY INFORMATION ===
Mem:           3.3Gi       1.4Gi       435Mi        32Mi       1.7Gi       1.9Gi
=== DISK SPACE INFO ===
Filesystem      Size  Used Avail Use% Mounted on
tmpfs           681M  1.7M  679M   1% /run
/dev/sda2        30G  6.8G   22G  25% /
tmpfs           1.7G     0  1.7G   0% /dev/shm
tmpfs           5.0M  8.0K  5.0M   1% /run/lock
tmpfs           1.0M     0  1.0M   0% /run/credentials/systemd-journald.service
tmpfs           1.7G  8.0K  1.7G   1% /tmp
tmpfs           1.0M     0  1.0M   0% /run/credentials/systemd-resolved.service
tmpfs           341M   88K  341M   1% /run/user/1000

=== UPTIME OF VM ===
up 2 hours, 27 minutes
=== MEMORY INFORMATION ===
Mem:           3.3Gi       1.4Gi       435Mi        32Mi       1.7Gi       1.9Gi
=== DISK SPACE INFO ===
Filesystem      Size  Used Avail Use% Mounted on
tmpfs           681M  1.7M  679M   1% /run
/dev/sda2        30G  6.8G   22G  25% /
tmpfs           1.7G     0  1.7G   0% /dev/shm
tmpfs           5.0M  8.0K  5.0M   1% /run/lock
tmpfs           1.0M     0  1.0M   0% /run/credentials/systemd-journald.service
tmpfs           1.7G  8.0K  1.7G   1% /tmp
tmpfs           1.0M     0  1.0M   0% /run/credentials/systemd-resolved.service
tmpfs           341M   88K  341M   1% /run/user/1000

=== UPTIME OF VM ===
up 2 hours, 28 minutes
=== MEMORY INFORMATION ===
Mem:           3.3Gi       1.4Gi       435Mi        32Mi       1.7Gi       1.9Gi
=== DISK SPACE INFO ===
Filesystem      Size  Used Avail Use% Mounted on
tmpfs           681M  1.7M  679M   1% /run
/dev/sda2        30G  6.8G   22G  25% /
tmpfs           1.7G     0  1.7G   0% /dev/shm
tmpfs           5.0M  8.0K  5.0M   1% /run/lock
tmpfs           1.0M     0  1.0M   0% /run/credentials/systemd-journald.service
tmpfs           1.7G  8.0K  1.7G   1% /tmp
tmpfs           1.0M     0  1.0M   0% /run/credentials/systemd-resolved.service
tmpfs           341M   88K  341M   1% /run/user/1000

=== UPTIME OF VM ===
up 2 hours, 29 minutes
=== MEMORY INFORMATION ===
Mem:           3.3Gi       1.4Gi       435Mi        32Mi       1.7Gi       1.9Gi
=== DISK SPACE INFO ===
Filesystem      Size  Used Avail Use% Mounted on
tmpfs           681M  1.7M  679M   1% /run
/dev/sda2        30G  6.8G   22G  25% /
tmpfs           1.7G     0  1.7G   0% /dev/shm
tmpfs           5.0M  8.0K  5.0M   1% /run/lock
tmpfs           1.0M     0  1.0M   0% /run/credentials/systemd-journald.service
tmpfs           1.7G  8.0K  1.7G   1% /tmp
tmpfs           1.0M     0  1.0M   0% /run/credentials/systemd-resolved.service
tmpfs           341M   88K  341M   1% /run/user/1000

=== UPTIME OF VM ===
up 2 hours, 30 minutes
=== MEMORY INFORMATION ===
Mem:           3.3Gi       1.4Gi       435Mi        32Mi       1.7Gi       1.9Gi
=== DISK SPACE INFO ===
Filesystem      Size  Used Avail Use% Mounted on
tmpfs           681M  1.7M  679M   1% /run
/dev/sda2        30G  6.8G   22G  25% /
tmpfs           1.7G     0  1.7G   0% /dev/shm
tmpfs           5.0M  8.0K  5.0M   1% /run/lock
tmpfs           1.0M     0  1.0M   0% /run/credentials/systemd-journald.service
tmpfs           1.7G  8.0K  1.7G   1% /tmp
tmpfs           1.0M     0  1.0M   0% /run/credentials/systemd-resolved.service
tmpfs           341M   88K  341M   1% /run/user/1000

=== UPTIME OF VM ===
up 2 hours, 31 minutes
=== MEMORY INFORMATION ===
Mem:           3.3Gi       1.4Gi       435Mi        32Mi       1.7Gi       1.9Gi
=== DISK SPACE INFO ===
Filesystem      Size  Used Avail Use% Mounted on
tmpfs           681M  1.7M  679M   1% /run
/dev/sda2        30G  6.8G   22G  25% /
tmpfs           1.7G     0  1.7G   0% /dev/shm
tmpfs           5.0M  8.0K  5.0M   1% /run/lock
tmpfs           1.0M     0  1.0M   0% /run/credentials/systemd-journald.service
tmpfs           1.7G  8.0K  1.7G   1% /tmp
tmpfs           1.0M     0  1.0M   0% /run/credentials/systemd-resolved.service
tmpfs           341M   88K  341M   1% /run/user/1000

=== UPTIME OF VM ===
up 2 hours, 32 minutes
=== MEMORY INFORMATION ===
Mem:           3.3Gi       1.4Gi       435Mi        32Mi       1.7Gi       1.9Gi
=== DISK SPACE INFO ===
Filesystem      Size  Used Avail Use% Mounted on
tmpfs           681M  1.7M  679M   1% /run
/dev/sda2        30G  6.8G   22G  25% /
tmpfs           1.7G     0  1.7G   0% /dev/shm
tmpfs           5.0M  8.0K  5.0M   1% /run/lock
tmpfs           1.0M     0  1.0M   0% /run/credentials/systemd-journald.service
tmpfs           1.7G  8.0K  1.7G   1% /tmp
tmpfs           1.0M     0  1.0M   0% /run/credentials/systemd-resolved.service
tmpfs           341M   88K  341M   1% /run/user/1000

=== UPTIME OF VM ===
up 2 hours, 33 minutes
=== MEMORY INFORMATION ===
Mem:           3.3Gi       1.4Gi       431Mi        39Mi       1.8Gi       1.9Gi
=== DISK SPACE INFO ===
Filesystem      Size  Used Avail Use% Mounted on
tmpfs           681M  1.7M  679M   1% /run
/dev/sda2        30G  6.8G   22G  25% /
tmpfs           1.7G     0  1.7G   0% /dev/shm
tmpfs           5.0M  8.0K  5.0M   1% /run/lock
tmpfs           1.0M     0  1.0M   0% /run/credentials/systemd-journald.service
tmpfs           1.7G  8.0K  1.7G   1% /tmp
tmpfs           1.0M     0  1.0M   0% /run/credentials/systemd-resolved.service
tmpfs           341M   92K  341M   1% /run/user/1000

=== UPTIME OF VM ===
up 2 hours, 34 minutes
=== MEMORY INFORMATION ===
Mem:           3.3Gi       1.5Gi       328Mi        41Mi       1.8Gi       1.8Gi
=== DISK SPACE INFO ===
Filesystem      Size  Used Avail Use% Mounted on
tmpfs           681M  1.7M  679M   1% /run
/dev/sda2        30G  6.8G   22G  25% /
tmpfs           1.7G     0  1.7G   0% /dev/shm
tmpfs           5.0M  8.0K  5.0M   1% /run/lock
tmpfs           1.0M     0  1.0M   0% /run/credentials/systemd-journald.service
tmpfs           1.7G   16K  1.7G   1% /tmp
tmpfs           1.0M     0  1.0M   0% /run/credentials/systemd-resolved.service
tmpfs           341M   92K  341M   1% /run/user/1000
tmpfs           341M   52K  341M   1% /run/user/1004

=== UPTIME OF VM ===
up 2 hours, 35 minutes
=== MEMORY INFORMATION ===
Mem:           3.3Gi       1.6Gi       236Mi        49Mi       1.8Gi       1.8Gi
=== DISK SPACE INFO ===
Filesystem      Size  Used Avail Use% Mounted on
tmpfs           681M  1.7M  679M   1% /run
/dev/sda2        30G  6.8G   22G  25% /
tmpfs           1.7G     0  1.7G   0% /dev/shm
tmpfs           5.0M  8.0K  5.0M   1% /run/lock
tmpfs           1.0M     0  1.0M   0% /run/credentials/systemd-journald.service
tmpfs           1.7G  8.0K  1.7G   1% /tmp
tmpfs           1.0M     0  1.0M   0% /run/credentials/systemd-resolved.service
tmpfs           341M   92K  341M   1% /run/user/1000

=== UPTIME OF VM ===
up 2 hours, 36 minutes
=== MEMORY INFORMATION ===
Mem:           3.3Gi       1.5Gi       353Mi        41Mi       1.8Gi       1.9Gi
=== DISK SPACE INFO ===
Filesystem      Size  Used Avail Use% Mounted on
tmpfs           681M  1.7M  679M   1% /run
/dev/sda2        30G  6.8G   22G  25% /
tmpfs           1.7G     0  1.7G   0% /dev/shm
tmpfs           5.0M  8.0K  5.0M   1% /run/lock
tmpfs           1.0M     0  1.0M   0% /run/credentials/systemd-journald.service
tmpfs           1.7G  8.0K  1.7G   1% /tmp
tmpfs           1.0M     0  1.0M   0% /run/credentials/systemd-resolved.service
tmpfs           341M   92K  341M   1% /run/user/1000

=== UPTIME OF VM ===
up 2 hours, 37 minutes
=== MEMORY INFORMATION ===
Mem:           3.3Gi       1.5Gi       353Mi        41Mi       1.8Gi       1.9Gi
=== DISK SPACE INFO ===
Filesystem      Size  Used Avail Use% Mounted on
tmpfs           681M  1.7M  679M   1% /run
/dev/sda2        30G  6.8G   22G  25% /
tmpfs           1.7G     0  1.7G   0% /dev/shm
tmpfs           5.0M  8.0K  5.0M   1% /run/lock
tmpfs           1.0M     0  1.0M   0% /run/credentials/systemd-journald.service
tmpfs           1.7G  8.0K  1.7G   1% /tmp
tmpfs           1.0M     0  1.0M   0% /run/credentials/systemd-resolved.service
tmpfs           341M   92K  341M   1% /run/user/1000

=== UPTIME OF VM ===
up 2 hours, 38 minutes
=== MEMORY INFORMATION ===
Mem:           3.3Gi       1.5Gi       121Mi        41Mi       2.0Gi       1.8Gi
=== DISK SPACE INFO ===
Filesystem      Size  Used Avail Use% Mounted on
tmpfs           681M  1.7M  679M   1% /run
/dev/sda2        30G  6.9G   21G  25% /
tmpfs           1.7G     0  1.7G   0% /dev/shm
tmpfs           5.0M  8.0K  5.0M   1% /run/lock
tmpfs           1.0M     0  1.0M   0% /run/credentials/systemd-journald.service
tmpfs           1.7G  8.0K  1.7G   1% /tmp
tmpfs           1.0M     0  1.0M   0% /run/credentials/systemd-resolved.service
tmpfs           341M   92K  341M   1% /run/user/1000

=== UPTIME OF VM ===
up 2 hours, 39 minutes
=== MEMORY INFORMATION ===
Mem:           3.3Gi       1.5Gi       286Mi        41Mi       1.8Gi       1.8Gi
=== DISK SPACE INFO ===
Filesystem      Size  Used Avail Use% Mounted on
tmpfs           681M  1.7M  679M   1% /run
/dev/sda2        30G  6.9G   21G  25% /
tmpfs           1.7G     0  1.7G   0% /dev/shm
tmpfs           5.0M  8.0K  5.0M   1% /run/lock
tmpfs           1.0M     0  1.0M   0% /run/credentials/systemd-journald.service
tmpfs           1.7G  8.0K  1.7G   1% /tmp
tmpfs           1.0M     0  1.0M   0% /run/credentials/systemd-resolved.service
tmpfs           341M   92K  341M   1% /run/user/1000

=== UPTIME OF VM ===
up 2 hours, 40 minutes
=== MEMORY INFORMATION ===
Mem:           3.3Gi       1.5Gi       309Mi        41Mi       1.8Gi       1.8Gi
=== DISK SPACE INFO ===
Filesystem      Size  Used Avail Use% Mounted on
tmpfs           681M  1.7M  679M   1% /run
/dev/sda2        30G  6.9G   21G  25% /
tmpfs           1.7G     0  1.7G   0% /dev/shm
tmpfs           5.0M  8.0K  5.0M   1% /run/lock
tmpfs           1.0M     0  1.0M   0% /run/credentials/systemd-journald.service
tmpfs           1.7G   40K  1.7G   1% /tmp
tmpfs           1.0M     0  1.0M   0% /run/credentials/systemd-resolved.service
tmpfs           341M   92K  341M   1% /run/user/1000

=== UPTIME OF VM ===
up 2 hours, 41 minutes
=== MEMORY INFORMATION ===
Mem:           3.3Gi       1.5Gi       290Mi        47Mi       1.8Gi       1.8Gi
=== DISK SPACE INFO ===
Filesystem      Size  Used Avail Use% Mounted on
tmpfs           681M  1.7M  679M   1% /run
/dev/sda2        30G  6.9G   21G  25% /
tmpfs           1.7G     0  1.7G   0% /dev/shm
tmpfs           5.0M  8.0K  5.0M   1% /run/lock
tmpfs           1.0M     0  1.0M   0% /run/credentials/systemd-journald.service
tmpfs           1.7G   40K  1.7G   1% /tmp
tmpfs           1.0M     0  1.0M   0% /run/credentials/systemd-resolved.service
tmpfs           341M   96K  341M   1% /run/user/1000

=== UPTIME OF VM ===
up 2 hours, 42 minutes
=== MEMORY INFORMATION ===
Mem:           3.3Gi       1.5Gi       290Mi        48Mi       1.8Gi       1.8Gi
=== DISK SPACE INFO ===
Filesystem      Size  Used Avail Use% Mounted on
tmpfs           681M  1.7M  679M   1% /run
/dev/sda2        30G  6.9G   21G  25% /
tmpfs           1.7G     0  1.7G   0% /dev/shm
tmpfs           5.0M  8.0K  5.0M   1% /run/lock
tmpfs           1.0M     0  1.0M   0% /run/credentials/systemd-journald.service
tmpfs           1.7G   40K  1.7G   1% /tmp
tmpfs           1.0M     0  1.0M   0% /run/credentials/systemd-resolved.service
tmpfs           341M   96K  341M   1% /run/user/1000

=== UPTIME OF VM ===
up 2 hours, 43 minutes
=== MEMORY INFORMATION ===
Mem:           3.3Gi       1.5Gi       289Mi        53Mi       1.8Gi       1.8Gi
=== DISK SPACE INFO ===
Filesystem      Size  Used Avail Use% Mounted on
tmpfs           681M  1.7M  679M   1% /run
/dev/sda2        30G  6.9G   21G  25% /
tmpfs           1.7G     0  1.7G   0% /dev/shm
tmpfs           5.0M  8.0K  5.0M   1% /run/lock
tmpfs           1.0M     0  1.0M   0% /run/credentials/systemd-journald.service
tmpfs           1.7G   40K  1.7G   1% /tmp
tmpfs           1.0M     0  1.0M   0% /run/credentials/systemd-resolved.service
tmpfs           341M  100K  341M   1% /run/user/1000

=== UPTIME OF VM ===
up 2 hours, 44 minutes
=== MEMORY INFORMATION ===
Mem:           3.3Gi       1.6Gi       171Mi        57Mi       1.9Gi       1.7Gi
=== DISK SPACE INFO ===
Filesystem      Size  Used Avail Use% Mounted on
tmpfs           681M  1.7M  679M   1% /run
/dev/sda2        30G  6.9G   21G  25% /
tmpfs           1.7G     0  1.7G   0% /dev/shm
tmpfs           5.0M  8.0K  5.0M   1% /run/lock
tmpfs           1.0M     0  1.0M   0% /run/credentials/systemd-journald.service
tmpfs           1.7G   40K  1.7G   1% /tmp
tmpfs           1.0M     0  1.0M   0% /run/credentials/systemd-resolved.service
tmpfs           341M   96K  341M   1% /run/user/1000

=== UPTIME OF VM ===
up 2 hours, 45 minutes
=== MEMORY INFORMATION ===
Mem:           3.3Gi       1.5Gi       246Mi        43Mi       1.9Gi       1.8Gi
=== DISK SPACE INFO ===
Filesystem      Size  Used Avail Use% Mounted on
tmpfs           681M  1.7M  679M   1% /run
/dev/sda2        30G  6.9G   21G  25% /
tmpfs           1.7G     0  1.7G   0% /dev/shm
tmpfs           5.0M  8.0K  5.0M   1% /run/lock
tmpfs           1.0M     0  1.0M   0% /run/credentials/systemd-journald.service
tmpfs           1.7G  8.0K  1.7G   1% /tmp
tmpfs           1.0M     0  1.0M   0% /run/credentials/systemd-resolved.service
tmpfs           341M   92K  341M   1% /run/user/1000

=== UPTIME OF VM ===
up 2 hours, 46 minutes
=== MEMORY INFORMATION ===
Mem:           3.3Gi       1.5Gi       246Mi        43Mi       1.9Gi       1.8Gi
=== DISK SPACE INFO ===
Filesystem      Size  Used Avail Use% Mounted on
tmpfs           681M  1.7M  679M   1% /run
/dev/sda2        30G  6.9G   21G  25% /
tmpfs           1.7G     0  1.7G   0% /dev/shm
tmpfs           5.0M  8.0K  5.0M   1% /run/lock
tmpfs           1.0M     0  1.0M   0% /run/credentials/systemd-journald.service
tmpfs           1.7G  8.0K  1.7G   1% /tmp
tmpfs           1.0M     0  1.0M   0% /run/credentials/systemd-resolved.service
tmpfs           341M   92K  341M   1% /run/user/1000

